names,location,candidate_page,electoral_position,electoral_branch,electoral_level,area,election_result,number_of_votes_for_race,number_of_votes_for_candidate,vote_share,campaign_website_url,camp_hand,off_hand,per_hand,party,error-type_color-contrast,error-type_heading-order,error-type_page-has-heading-one,error-type_aria-allowed-role,number_of_pages,number_of_total_errors,number_of_critical_errors,number_of_serious_errors,number_of_moderate_errors,number_of_minor_errors,number_of_words,number_of_unique_words,ease_of_reading,error-type_html-has-lang,error-type_landmark-one-main,error-type_region,error-type_duplicate-id,error-type_link-name,error-type_bypass,error-type_frame-title,error-type_label,error-type_empty-heading,error-type_aria-valid-attr,error-type_landmark-no-duplicate-banner,error-type_skip-link,error-type_list,error-type_image-alt,error-type_duplicate-id-active,error-type_tabindex,error-type_checkboxgroup,error-type_label-title-only,error-type_document-title,error-type_definition-list,error-type_button-name,error-type_landmark-banner-is-top-level,error-type_aria-roles,error-type_radiogroup,error-type_landmark-main-is-top-level,error-type_meta-viewport,error-type_landmark-contentinfo-is-top-level,error-type_landmark-no-duplicate-contentinfo,error-type_frame-title-unique,error-type_autocomplete-valid,error-type_duplicate-id-aria,error-type_listitem,error-type_aria-required-attr,error-type_aria-required-children,error-type_aria-valid-attr-value,error-type_meta-viewport-large,error-type_image-redundant-alt,error-type_aria-required-parent,error-type_aria-allowed-attr,number_of_total_trackers,behaviour_event_listeners,canvas_fingerprinters,canvas_font_fingerprinters,cookies,fb_pixel_events,key_logging,session_recorders,third_party_trackers
Daniel_ Volland,"Anchorage, Alaska",https://ballotpedia.org/Daniel%E2%80%8B_Volland,Anchorage Assembly special election,Legislative,City,District 1,Won,"4,473","1,734",0.388,https://vollandforassembly.com/,,,,Nonpartisan,7.0,3.0,1.0,1.0,5,12,0,7,4,1,1291,536,49.898,,,,,,,,,,,,,,,,,,,,,,,,,,,,,,,,,,,,,,,,34,20,3,0,2,0,0,0,9
Stephanie Taylor,"Anchorage, Alaska",https://ballotpedia.org/Stephanie_Taylor,Anchorage Assembly special election,Legislative,City,District 1,Lost,"4,473","1,399",0.313,https://www.stephanieforak.com/,,,,Nonpartisan,1.0,,1.0,,1,5,0,2,3,0,0,0,206.84,1.0,1.0,1.0,,,,,,,,,,,,,,,,,,,,,,,,,,,,,,,,,,,,,1,0,0,0,1,0,0,0,0
Tasha Hotch,"Anchorage, Alaska",https://ballotpedia.org/Tasha_Hotch,Anchorage Assembly special election,Legislative,City,District 1,Lost,"4,473",732,0.164,https://www.tashaforanchorage.com/,,,,Nonpartisan,1.0,,1.0,,1,5,0,2,3,0,0,0,206.84,1.0,1.0,1.0,,,,,,,,,,,,,,,,,,,,,,,,,,,,,,,,,,,,,1,0,0,0,1,0,0,0,0
Gretchen Wehmhoff,"Anchorage, Alaska",https://ballotpedia.org/Gretchen_Wehmhoff,Anchorage Assembly,Legislative,City,,Lost,"10,394","3,472",0.334,https://www.teamgretchen.com/,,,,Nonpartisan,24.0,,6.0,,6,77,0,35,18,24,771,320,3.74,,6.0,6.0,24.0,7.0,3.0,1.0,,,,,,,,,,,,,,,,,,,,,,,,,,,,,,,,,13,3,0,0,4,0,0,0,6
Kameron Perez-Verdia,"Anchorage, Alaska",https://ballotpedia.org/Kameron_Perez-Verdia,Anchorage Assembly,Legislative,City,,Won,"13,019","6,801",0.522,https://www.kameronforassembly.com/,,,KameronPV,Nonpartisan,7.0,4.0,,15.0,5,44,6,7,9,22,635,312,51.534,,,5.0,2.0,,,,6.0,5.0,,,,,,,,,,,,,,,,,,,,,,,,,,,,,,,17,6,0,0,3,0,0,0,8
Liz Vazquez,"Anchorage, Alaska",https://ballotpedia.org/Liz_Vazquez,Anchorage Assembly,Legislative,City,,Lost,"13,019","5,486",0.421,http://lizvazquez.us/,,,,Republican Party,,2.0,,1.0,1,4,0,1,2,1,50,35,75.71,,,,,1.0,,,,,,,,,,,,,,,,,,,,,,,,,,,,,,,,,,,41,5,0,0,5,0,0,0,31
Meg Zaletel,"Anchorage, Alaska",https://ballotpedia.org/Meg_Zaletel,Anchorage Assembly,Legislative,City,,Won,"11,433","5,985",0.523,https://www.megforanchorage.com/,,,megzaletel,Nonpartisan,1.0,,1.0,,1,5,0,2,3,0,0,0,206.84,1.0,1.0,1.0,,,,,,,,,,,,,,,,,,,,,,,,,,,,,,,,,,,,,1,0,0,0,1,0,0,0,0
Geran Tarr,"Anchorage, Alaska",https://ballotpedia.org/Geran_Tarr,Anchorage Assembly,Legislative,City,,Lost,"8,607","1,443",0.169,https://www.tarrforalaska.com/,,,,Democratic Party,28.0,1.0,,,11,41,1,28,1,11,3688,1038,19.71545455,,,,11.0,,,,,,1.0,,,,,,,,,,,,,,,,,,,,,,,,,,,,,,14,7,0,0,3,0,0,0,4
Randy Sulte,"Anchorage, Alaska",https://ballotpedia.org/Randy_Sulte,Anchorage Assembly,Legislative,City,,Won,"18,448","9,420",0.511,https://www.sulteforanchorage.com/,,,,Nonpartisan,5.0,,1.0,1.0,1,10,0,5,4,1,100,72,34.26,,,1.0,,,,,,,,1.0,1.0,,,,,,,,,,,,,,,,,,,,,,,,,,,,12,5,0,0,3,0,0,0,4
John Weddleton,"Anchorage, Alaska",https://ballotpedia.org/John_Weddleton,Anchorage Assembly,Legislative,City,,Lost,"18,448","8,664",0.47,http://weddletonforassembly.com,JohnWeddleton,,,Nonpartisan,1.0,,1.0,,1,5,0,2,3,0,0,0,206.84,1.0,1.0,1.0,,,,,,,,,,,,,,,,,,,,,,,,,,,,,,,,,,,,,1,0,0,0,1,0,0,0,0
Carole Triem,"Juneau, Alaska",https://ballotpedia.org/Carole_Triem,City Assembly,Legislative,City,,Won,"6,649","6,157",0.926,https://triemteam.com/,TriemTeam,,,Nonpartisan,47.0,,3.0,4.0,4,60,0,47,9,4,1263,581,49.4575,,,2.0,,,,,,,,4.0,,,,,,,,,,,,,,,,,,,,,,,,,,,,,16,5,0,0,3,0,0,0,8
Greg Smith,"Juneau, Alaska",https://ballotpedia.org/Greg_Smith_(Alaska),City Assembly,Legislative,City,,Won,"6,648","6,245",0.939,https://www.gregsmithforassembly.com/,,,,Nonpartisan,1.0,,1.0,,1,5,0,2,3,0,0,0,206.84,1.0,1.0,1.0,,,,,,,,,,,,,,,,,,,,,,,,,,,,,,,,,,,,,1,0,0,0,1,0,0,0,0
Trista Guzman Glover,"Mesa, Arizona",https://ballotpedia.org/Trista_Guzman_Glover,City council,Legislative,City,District 4,Lost,"11,929","5,231",0.439,https://www.trista4mesa.com/,Trista4Mesa,,AZTrista,Nonpartisan,,1.0,,3.0,1,7,0,1,1,5,289,145,69.01,,,,2.0,1.0,,,,,,,,,,,,,,,,,,,,,,,,,,,,,,,,,,,1,0,0,0,1,0,0,0,0
Jim Waring,"Phoenix, Arizona",https://ballotpedia.org/Jim_Waring,City council,Legislative,City,District 2,Won,"60,918","32,263",0.53,http://jimwaring.com/,jim_waring,,,Nonpartisan,109.0,1.0,2.0,,22,372,47,255,47,23,4269,941,23.41409091,2.0,22.0,22.0,20.0,124.0,,,47.0,3.0,,,,20.0,,,,,,,,,,,,,,,,,,,,,,,,,,,45,9,0,0,8,3,0,0,25
Heli Nielson,"Phoenix, Arizona",https://ballotpedia.org/Heli_Nielson,City council,Legislative,City,District 2,Lost,"60,918","18,092",0.297,https://www.helinielson.com,helinielson,,,Nonpartisan,,,,11.0,1,13,1,0,0,12,29,16,51.52,,,,1.0,,,,,,,,,,1.0,,,,,,,,,,,,,,,,,,,,,,,,,,6,2,0,0,4,0,0,0,0
Matt Evans,"Phoenix, Arizona",https://ballotpedia.org/Matt_Evans_(Arizona),City council,Legislative,City,District 2,Lost,"60,918","10,563",0.173,https://www.mattforphoenix.com,,,,Nonpartisan,3.0,,2.0,3.0,2,14,1,8,2,3,230,150,48.01,,,,,1.0,,,1.0,,,,,,,2.0,2.0,,,,,,,,,,,,,,,,,,,,,,,,34,18,2,0,5,0,0,0,9
Laura Pastor,"Phoenix, Arizona",https://ballotpedia.org/Laura_Pastor,City council,Legislative,City,District 4,Won,"20,816","20,816",1.0,http://www.pastorforcouncil.com/,,,,Nonpartisan,,,,,1,3,0,1,2,0,10,10,-30.73,1.0,1.0,1.0,,,,,,,,,,,,,,,,,,,,,,,,,,,,,,,,,,,,,4,0,0,0,2,0,0,0,2
__evin Robinson_,"Phoenix, Arizona",https://ballotpedia.org/%E2%80%8BKevin_Robinson%E2%80%8B,City council,Legislative,City,District 6,,,,,https://www.kevinrobinsonforphoenix.com/,KevinforPhoenix,,,Nonpartisan,16.0,2.0,1.0,,5,20,0,16,3,1,475,211,58.052,,,,1.0,,,,,,,,,,,,,,,,,,,,,,,,,,,,,,,,,,,,50,11,0,0,5,0,0,0,34
Sam Stone_,"Phoenix, Arizona",https://ballotpedia.org/Sam_Stone%E2%80%8B,City council,Legislative,City,District 6,,,,,https://www.samstone.vote/,,,,Nonpartisan,,18.0,18.0,,18,66,4,26,36,0,9180,1934,62.45277778,,,,,26.0,,,3.0,,,,,,,,,1.0,,,,,,,,,,,,,,,,,,,,,,,74,16,0,0,7,0,0,0,51
Carlos Garcia,"Phoenix, Arizona",https://ballotpedia.org/Carlos_Garcia_(Arizona),City council,Legislative,City,District 8,,,,,https://www.carlosforphoenix.com/,carlosforphx,,,Nonpartisan,21.0,1.0,4.0,5.0,5,72,0,62,5,5,1395,568,51.794,,,,,36.0,,,,,,,,,,,5.0,,,,,,,,,,,,,,,,,,,,,,,,19,8,0,0,3,0,0,0,8
__esha Hodge Washington,"Phoenix, Arizona",https://ballotpedia.org/%E2%80%8BKesha_Hodge_Washington,City council,Legislative,City,District 8,,,,,https://keshaforphoenix.com/,keshaforphoenix,,,Nonpartisan,41.0,1.0,6.0,9.0,20,395,75,196,57,67,2097,334,85.0815,6.0,14.0,14.0,56.0,111.0,,,75.0,2.0,,14.0,8.0,,,17.0,,,15.0,6.0,,,,,,,,,,,,,,,,,,,,,23,7,4,0,3,0,1,0,8
Pamela Carter,"Scottsdale, Arizona",https://ballotpedia.org/Pamela_Carter,City Council,Legislative,City,At-large,Lost,"81,205","34,384",0.423,https://pamelacarter.com,,,,Nonpartisan,35.0,9.0,4.0,3.0,32,145,30,47,63,5,5888,838,80.06709677,4.0,20.0,16.0,,,,,30.0,2.0,,14.0,,,,,,,,4.0,4.0,,,,,,,,,,,,,,,,,,,,79,8,6,0,13,0,0,0,52
Ellen Brown,"Little Rock, Arkansas",https://ballotpedia.org/Ellen_Brown_(Arkansas),Little Rock Board of Directors,Executive,City,,Lost,"6,635","1,010",0.152,https://www.ellenforlr.com/,,,EllenArwen,Nonpartisan,1.0,,1.0,,1,5,0,2,3,0,0,0,206.84,1.0,1.0,1.0,,,,,,,,,,,,,,,,,,,,,,,,,,,,,,,,,,,,,1,0,0,0,1,0,0,0,0
Gloria Sahag√∫n Ma__e,"Anaheim, California",https://ballotpedia.org/Gloria_Sahag%C3%BAn_Ma%E2%80%99ae,City council,Legislative,City,District 2,Lost,"9,910","4,916",0.496,https://www.gloriaforanaheim.com/,,,,Nonpartisan,2.0,,4.0,,9,26,0,20,4,2,2333,430,36.91222222,,,,2.0,18.0,,,,,,,,,,,,,,,,,,,,,,,,,,,,,,,,,,,44,8,0,0,5,0,0,0,31
Hari Lal,"Anaheim, California",https://ballotpedia.org/Hari_Lal,City council,Legislative,City,District 6,Lost,"20,124","5,888",0.293,https://lalforcouncilman2022.com/,,,,Nonpartisan,4.0,5.0,,84.0,3,163,31,7,11,114,1755,459,50.88666667,,,3.0,30.0,3.0,,,,,,,,,28.0,,,,,,,3.0,3.0,,,,,,,,,,,,,,,,,,6,3,0,0,3,0,0,0,0
Zeferino Barron,"Bakersfield, California",https://ballotpedia.org/Zeferino_Barron,City council,Legislative,City,Ward 3,Lost,"12,406",877,0.071,https://www.electbarron.com/,,,,Nonpartisan,37.0,45.0,3.0,3.0,36,328,46,151,51,80,7201,484,53.69194444,,1.0,1.0,73.0,114.0,,,2.0,4.0,4.0,,,,,,,1.0,,,,6.0,,30.0,3.0,1.0,,,,,,,,,,,,,,,81,16,0,0,9,0,0,0,56
Tim Collins,"Bakersfield, California",https://ballotpedia.org/Tim_Collins,City council,Legislative,City,Ward 7,Lost,"10,702","4,256",0.398,https://timcollins4citycouncil.com/,,,,Nonpartisan,1.0,,3.0,,3,18,1,5,12,0,363,179,71.91,,3.0,3.0,,3.0,,,1.0,,,,3.0,,,,,1.0,,,,,,,,,,,,,,,,,,,,,,,15,4,3,0,0,0,0,0,8
Simon Silva,"Chula Vista, California",https://ballotpedia.org/Simon_Silva,City Attorney,Executive,City,,Won,"60,482","30,619",0.506,https://www.simonsilvaforcityattorney.com/,,,,Nonpartisan,1.0,,1.0,,1,5,0,2,3,0,68,57,32.29,1.0,1.0,1.0,,,,,,,,,,,,,,,,,,,,,,,,,,,,,,,,,,,,,0,0,0,0,0,0,0,0,0
Dan Smith,"Chula Vista, California",https://ballotpedia.org/Dan_Smith_(California),City Attorney,Executive,City,,Lost,"60,482","29,863",0.494,https://www.chula4smith.com/,,,,Nonpartisan,124.0,12.0,1.0,3.0,18,278,21,151,103,3,4949,851,18.15388889,,,18.0,,27.0,,,3.0,,,18.0,,,,,,,,,,,18.0,,,,18.0,18.0,18.0,,,,,,,,,,,,16,9,4,0,0,0,0,0,3
Carolina Chavez,"Chula Vista, California",https://ballotpedia.org/Carolina_Chavez,City Council,Legislative,City,District 1,Won,"19,156","10,245",0.535,https://www.votechavez.com/,,,,Nonpartisan,1.0,,1.0,,1,5,0,2,3,0,0,0,206.84,1.0,1.0,1.0,,,,,,,,,,,,,,,,,,,,,,,,,,,,,,,,,,,,,1,0,0,0,1,0,0,0,0
Marco Contreras,"Chula Vista, California",https://ballotpedia.org/Marco_Contreras,City Council,Legislative,City,District 1,Lost,"19,156","8,911",0.465,https://www.marcocontreras.us/,MarcoforCV,,,Republican Party,20.0,1.0,1.0,4.0,4,39,5,24,6,4,306,127,66.15,,,4.0,,,,,4.0,,,,,,1.0,,4.0,,,,,,,,,,,,,,,,,,,,,,,,38,6,0,0,4,4,0,0,24
Jose Preciado,"Chula Vista, California",https://ballotpedia.org/Jose_Preciado,City Council,Legislative,City,District 2,Won,"15,645","7,888",0.504,https://www.votepreciado.com/,,,joserpreciado71,Nonpartisan,27.0,,7.0,7.0,7,51,3,34,7,7,715,304,59.11428571,,,,,,,,3.0,,,,,,,,7.0,,,,,,,,,,,,,,,,,,,,,,,,16,5,0,0,3,0,0,0,8
Steve Stenberg,"Chula Vista, California",https://ballotpedia.org/Steve_Stenberg,City Council,Legislative,City,District 2,Lost,"15,645","7,757",0.496,https://www.stevestenberg.com,,,,Nonpartisan,1.0,2.0,,24.0,1,37,3,1,3,30,681,329,22.35,,,1.0,6.0,,,,,,,,,,3.0,,,,,,,,,,,,,,,,,,,,,,,,,,6,2,0,0,4,0,0,0,0
Keith Parker,"Fremont, California",https://ballotpedia.org/Keith_Parker_(California),City council,Legislative,City,District 2,Lost,"8,900","1,966",0.221,https://parkerforfremont.com,,,,Nonpartisan,,,,,1,2,0,0,2,0,33,24,91.27,,1.0,1.0,,,,,,,,,,,,,,,,,,,,,,,,,,,,,,,,,,,,,1,0,0,0,1,0,0,0,0
Jenny Kassan,"Fremont, California",https://ballotpedia.org/Jenny_Kassan,City council,Legislative,City,District 3,Won,"7,231","3,162",0.437,https://www.kassan4fremont.com,,,jennykassan,Nonpartisan,137.0,,,,7,235,14,158,14,49,1718,708,31.46714286,,7.0,7.0,49.0,14.0,,,,,,,,,,,,,7.0,,,7.0,,,,,7.0,,,,,,,,,,,,,,5,3,0,0,0,0,0,0,2
Kathy Kimberlin,"Fremont, California",https://ballotpedia.org/Kathy_Kimberlin,City council,Legislative,City,District 3,Lost,"7,231","2,883",0.399,https://kimberlin4fremont.com/,kathy4fremont,,,Nonpartisan,1.0,,1.0,,1,5,0,2,3,0,0,0,206.84,1.0,1.0,1.0,,,,,,,,,,,,,,,,,,,,,,,,,,,,,,,,,,,,,1,0,0,0,1,0,0,0,0
Yang Shao,"Fremont, California",https://ballotpedia.org/Yang_Shao,City council,Legislative,City,District 4,Won,"8,274","4,638",0.561,https://www.electyangshao.com,,,,Nonpartisan,,,,,1,3,0,2,1,0,1238,607,44.27,,,1.0,,1.0,,,1.0,,,,,,,,,,,,,,,,,,,,,,,,,,,,,,,,9,2,1,0,0,0,0,0,6
Bryce Beckel,"Fremont, California",https://ballotpedia.org/Bryce_Beckel,City council,Legislative,City,District 4,Lost,"8,274","3,636",0.439,https://votebrycebeckel.com,votebrycebeckel,,,Nonpartisan,2.0,,,,1,8,2,4,2,0,60,41,73.68,1.0,1.0,1.0,,1.0,,,,,,,,,1.0,,,,,,,,,,,,1.0,,,,,,,,,,,,,,3,0,0,0,3,0,0,0,0
Anthony Kuo,"Irvine, California",https://ballotpedia.org/Anthony_Kuo,City Council,Legislative,City,,Lost,"130,002","27,272",0.21,http://www.anthonykuo.org/,,,anthonykuo,Nonpartisan,603.0,233.0,120.0,,234,7982,4454,2226,355,947,146251,5332,-10.22376068,,,2.0,946.0,1385.0,,,2.0,1.0,568.0,,,,8.0,238.0,,,,,,126.0,,3750.0,,,,,,,,,,,,,,,,,71,19,4,0,5,0,0,0,43
Navid Sadigh,"Irvine, California",https://ballotpedia.org/Navid_Sadigh,City Council,Legislative,City,,Lost,"130,002","4,895",0.038,https://www.navid4irvine.com/,navid4irvine,,,Nonpartisan,1.0,,,,1,5,1,2,2,0,108,78,55.95,1.0,1.0,1.0,,,,,,,,,,,,,,,,,,,,,,,1.0,,,,,,,,,,,,,,2,0,0,0,2,0,0,0,0
Kailee Caruso,"Long Beach, California",https://ballotpedia.org/Kailee_Caruso,City Council,Legislative,City,,Lost,"19,362","8,580",0.443,https://www.kaileecaruso.com/,CarusoKailee,,,Nonpartisan,52.0,,2.0,,7,61,0,59,2,0,4151,1105,63.14142857,,,,,7.0,,,,,,,,,,,,,,,,,,,,,,,,,,,,,,,,,,,102,21,0,0,9,0,0,0,72
Ian Patton,"Long Beach, California",https://ballotpedia.org/Ian_Patton,City Council,Legislative,City,,Lost,"20,986","9,496",0.452,http://pattonforcouncil.com/,Patton4Council,,,Nonpartisan,4.0,5.0,,,14,54,9,36,9,0,6142,1926,48.44461538,,,4.0,,14.0,,6.0,,,,,,,,,10.0,,,,,9.0,,,,,,,,2.0,,,,,,,,,,,29,13,0,0,3,0,0,0,13
Faisal M. Gill,"Los Angeles, California",https://ballotpedia.org/Faisal_Gill_(California),City Attorney,Executive,City,,Lost,"798,746","356,732",0.447,https://gillforla.com,GillForLA,,,Nonpartisan,11.0,1.0,1.0,,1,24,0,22,2,0,484,245,45.32,,,,,11.0,,,,,,,,,,,,,,,,,,,,,,,,,,,,,,,,,,,54,13,0,0,7,0,0,0,34
Paul Koretz,"Los Angeles, California",https://ballotpedia.org/Paul_Koretz,Controller,Legislative,City,,Lost,"809,983","297,020",0.367,https://koretzforla.com/,KoretzforLA,,PaulKoretzCD5,Democratic Party,1.0,,1.0,,1,5,0,2,3,0,0,0,206.84,1.0,1.0,1.0,,,,,,,,,,,,,,,,,,,,,,,,,,,,,,,,,,,,,2,0,0,0,2,0,0,0,0
Katy Young Yaroslavsky,"Los Angeles, California",https://ballotpedia.org/Katy_Young_Yaroslavsky,City Council,Legislative,City,,Won,"84,862","50,670",0.597,https://katyforla.com/,KatyForLA,,,Nonpartisan,5.0,,,,3,32,12,5,6,9,458,218,54.46,,3.0,3.0,9.0,,,,9.0,,,,,,,,,,,,,,,,,,3.0,,,,,,,,,,,,,,15,4,0,0,2,0,0,0,9
Sam Yebri,"Los Angeles, California",https://ballotpedia.org/Sam_Yebri,City Council,Legislative,City,,Lost,"84,862","34,192",0.403,https://samforla.com/,samyebri,,,Nonpartisan,66.0,74.0,,81.0,81,541,167,136,156,82,87954,8878,38.42604938,,,80.0,,64.0,,1.0,165.0,1.0,,,2.0,1.0,,,,,,,,,,,,,,,,,4.0,2.0,,,,,,,,,52,8,0,0,4,4,0,0,36
Traci Park,"Los Angeles, California",https://ballotpedia.org/Traci_Park,City Council,Legislative,City,,Won,"98,070","51,014",0.52,https://www.tracipark.com,traciparkforla,,,Nonpartisan,37.0,2.0,,,1,46,3,39,4,0,525,291,61.06,,1.0,1.0,,2.0,,,2.0,,,,,,,,,,,,,,,,,,1.0,,,,,,,,,,,,,,38,14,2,0,2,0,0,0,20
Erin Darling,"Los Angeles, California",https://ballotpedia.org/Erin_Darling,City Council,Legislative,City,,Lost,"98,070","47,056",0.48,https://www.erindarling11.com,westsidedarling,,,Nonpartisan,144.0,8.0,7.0,11.0,11,233,18,189,15,11,6990,2179,24.929,,,,,33.0,,1.0,1.0,,1.0,,,,,,11.0,1.0,,,,15.0,,,,,,,,,,,,,,,,,,,37,13,0,0,5,0,0,0,19
Hugo Soto-Martinez,"Los Angeles, California",https://ballotpedia.org/Hugo_Soto-Martinez,City Council,Legislative,City,,Won,"65,761","38,004",0.578,https://www.hugo2022.com/,HugoForCD13,,,Nonpartisan,16.0,2.0,5.0,7.0,7,89,23,42,17,7,5047,1161,49.01142857,,,2.0,,14.0,,3.0,1.0,,,,8.0,2.0,22.0,,7.0,,,,,,,,,,,,,,,,,,,,,,,,191,28,3,0,20,4,0,2,134
Mitch O'Farrell,"Los Angeles, California",https://ballotpedia.org/Mitch_O'Farrell,City Council,Legislative,City,,Lost,"65,761","27,757",0.422,https://mitchofarrell2022.com,mitch4la,,,Nonpartisan,9.0,1.0,2.0,2.0,2,16,0,11,3,2,665,333,55.965,,,,,,,,,,,,,,,,2.0,,,,,,,,,,,,,,,,,,,,,,,,17,5,0,0,4,0,0,0,8
Tim McOsker,"Los Angeles, California",https://ballotpedia.org/Tim_McOsker,City Council,Legislative,City,,Won,"40,670","26,136",0.643,https://www.timmcosker.com/,McOsker4LA,,,Nonpartisan,125.0,3.0,7.0,2.0,8,225,0,213,10,2,11584,2428,35.1325,,,,,88.0,,,,,,,,,,,,,,,,,,,,,,,,,,,,,,,,,,,44,9,0,0,5,0,0,0,30
Danielle Sandoval,"Los Angeles, California",https://ballotpedia.org/Danielle_Sandoval,City Council,Legislative,City,,Lost,"40,670","14,534",0.357,https://www.sandoval4la.com/,sandoval_for,,,Nonpartisan,11.0,4.0,7.0,,7,59,2,45,11,1,3510,1168,25.48428571,,,,1.0,34.0,,,2.0,,,,,,,,,,,,,,,,,,,,,,,,,,,,,,,,44,9,0,0,5,0,0,0,30
Courtney Ruby,"Oakland, California",https://ballotpedia.org/Courtney_Ruby,Auditor,Legislative,City,,Won,"94,892","94,892",1.0,http://www.courtneyruby.com/,,,,Nonpartisan,,2.0,,12.0,1,20,2,0,3,15,230,144,46.37,,,1.0,3.0,,,,,,,,,,2.0,,,,,,,,,,,,,,,,,,,,,,,,,,6,2,0,0,4,0,0,0,0
Nancy Sidebotham,"Oakland, California",https://ballotpedia.org/Nancy_Sidebotham,City council,Legislative,City,District 6,Lost,"14,574",0,0.0,https://nancysidebotham.com/,,,nancy6368,Nonpartisan,,,1.0,,1,5,0,3,2,0,0,0,0.0,1.0,1.0,,,,,1.0,,,,,,,,,,,,1.0,,,,,,,,,,,,,,,,,,,,,0,0,0,0,0,0,0,0,0
Lisa Kaplan,"Sacramento, California",https://ballotpedia.org/Lisa_Kaplan,City Council,Legislative,City,,Won,"16,734","10,157",0.607,https://www.kaplan4council.com/,,,,Nonpartisan,11.0,,9.0,,10,24,0,14,10,0,2628,1080,41.134,,,1.0,,3.0,,,,,,,,,,,,,,,,,,,,,,,,,,,,,,,,,,,70,10,0,0,7,0,0,0,53
Caity Maple,"Sacramento, California",https://ballotpedia.org/Caity_Maple,City Council,Legislative,City,,Won,"12,732","6,665",0.523,http://caitymaple.com,,,,Nonpartisan,42.0,2.0,5.0,9.0,9,70,0,53,8,9,2839,850,44.64333333,,,1.0,,,,2.0,,,,,,,,,9.0,,,,,,,,,,,,,,,,,,,,,,,,183,24,4,0,42,3,0,0,110
Rick Jennings,"Sacramento, California",https://ballotpedia.org/Rick_Jennings_(California),City Council,Legislative,City,,Won,"9,641","9,641",1.0,https://www.rickforsacramento.com/,,,,Nonpartisan,74.0,,5.0,40.0,6,142,6,81,11,44,1570,652,47.71166667,,,6.0,1.0,6.0,,,6.0,3.0,,,,,,,,,,,,,,,,,,,,,1.0,,,,,,,,,,8,4,4,0,0,0,0,0,0
Linda Lukacs,"San Diego, California",https://ballotpedia.org/Linda_Lukacs,City council,Legislative,City,,Lost,"50,145","21,821",0.435,https://lindalukacs.com,,,,Nonpartisan,11.0,6.0,,,1,19,1,12,6,0,1812,696,51.07,,,,,1.0,,,1.0,,,,,,,,,,,,,,,,,,,,,,,,,,,,,,,,27,6,0,0,5,0,0,0,16
Monica Montgomery Steppe,"San Diego, California",https://ballotpedia.org/Monica_Montgomery_Steppe,City council,Legislative,City,,Won,"25,874","17,801",0.688,https://www.monica4sandiego.com/,Monica4SanDiego,,MDblGoodTrouble,Nonpartisan,,2.0,4.0,8.0,8,24,2,8,6,8,4183,1457,27.5825,,,,,,,,2.0,,,,,,,,8.0,,,,,,,,,,,,,,,,,,,,,,,,16,5,0,0,3,0,0,0,8
Gloria Evangelista,"San Diego, California",https://ballotpedia.org/Gloria_Evangelista,City council,Legislative,City,,Lost,"25,874","8,073",0.312,https://voteevangelista.com/,,,,Nonpartisan,,,,,1,2,0,1,1,0,622,316,14.53,,,1.0,,1.0,,,,,,,,,,,,,,,,,,,,,,,,,,,,,,,,,,,5,0,1,0,0,0,0,0,4
Kent Lee,"San Diego, California",https://ballotpedia.org/Kent_Lee,City council,Legislative,City,,Won,"36,351","21,991",0.605,https://www.kentleeforsd.com/,kentlee,,,Nonpartisan,,1.0,,16.0,16,66,1,32,17,16,5954,1636,21.02615385,,,16.0,,16.0,,,1.0,,,,,,,,16.0,,,,,,,,,,,,,,,,,,,,,,,,18,11,0,0,3,0,0,0,4
Tommy Hough,"San Diego, California",https://ballotpedia.org/Tommy_Hough,City council,Legislative,City,,Lost,"36,351","14,360",0.395,https://tommyhough.com/,The_Tommy_Hough,,,Nonpartisan,2.0,3.0,1.0,5.0,78,1318,16,1143,146,13,40596,4990,52.46923077,1.0,58.0,77.0,8.0,1130.0,,,7.0,,,7.0,,,9.0,,,,,1.0,9.0,,,,,,,,,,,,,,,,,,,,31,7,0,0,4,0,0,0,20
Vivian Moreno,"San Diego, California","https://ballotpedia.org/Vivian_Moreno_(San_Diego,_California)",City council,Legislative,City,,Won,"20,766","13,146",0.633,https://vivianmorenosd.com/,,,,Nonpartisan,947.0,88.0,,662.0,97,2812,352,1443,187,830,73134,4845,18.84298969,,2.0,97.0,168.0,494.0,,,352.0,,,,,,,,,,,,,,,,,,,,,2.0,,,,,,,,,,,95,15,5,0,11,4,0,0,60
Antonio Martinez,"San Diego, California",https://ballotpedia.org/Antonio_Martinez,City council,Legislative,City,,Lost,"20,766","7,620",0.367,https://antoniomartinezsd.com,,,,Nonpartisan,15.0,1.0,1.0,1.0,1,34,4,23,4,3,395,226,42.85,1.0,1.0,1.0,1.0,5.0,,,1.0,1.0,,,,1.0,2.0,,,,,,,,,,,,,,,,,1.0,1.0,,,,,,,,46,12,0,0,16,0,1,0,17
David Chiu,"San Francisco, California",https://ballotpedia.org/David_Chiu_(California),City attorney,Executive,City/County,,Won,"163,232","162,692",0.997,https://votedavidchiu.com/,DavidChiu,,,Nonpartisan,137.0,3.0,7.0,91.0,23,441,72,186,55,128,10378,2270,63.47545455,1.0,5.0,20.0,36.0,37.0,1.0,2.0,37.0,,,18.0,,,25.0,4.0,,,,1.0,,3.0,,,,,3.0,1.0,1.0,,,,3.0,2.0,1.0,1.0,1.0,,,,22,3,4,0,3,0,0,0,12
John Hamasaki,"San Francisco, California",https://ballotpedia.org/John_Hamasaki,District Attorney,Executive,City/County,,Lost,"221,759","97,213",0.457,https://hamasakiforda.com/,HamasakiLaw,,,Nonpartisan,115.0,,12.0,84.0,12,328,59,115,34,120,5630,1336,53.15333333,,,12.0,36.0,,,,59.0,,,,10.0,,,,,,,,,,,,,,,,,,,,,,,,,,,,43,10,3,0,4,0,0,0,26
Joe Alioto Veronese,"San Francisco, California",https://ballotpedia.org/Joe_Alioto_Veronese,District Attorney,Executive,City/County,,Lost,"221,759",0,0.0,https://joeforda.com/,joeavero,,,Nonpartisan,,,,4.0,4,20,0,4,8,8,312,68,94.45,,4.0,4.0,4.0,4.0,,,,,,,,,,,,,,,,,,,,,,,,,,,,,,,,,,,30,6,4,0,3,0,0,0,17
Manohar Raju,"San Francisco, California",https://ballotpedia.org/Manohar_Raju,Public Defender,Judicial,City/County,,Won,"139,150","97,057",0.697,https://sfpublicdefender.org/,,,ManoRajuPD,Nonpartisan,4623.0,518.0,3.0,,532,7733,1186,5160,1354,33,282474,10693,38.03340226,,301.0,532.0,32.0,73.0,,462.0,880.0,1.0,,,,,306.0,,,,,,,,,,,,,,,2.0,,,,,,,,,,,64,21,4,0,3,0,0,0,36
Gordon Mar,"San Francisco, California",https://ballotpedia.org/Gordon_Mar,Board of Supervisors,Legislative,Special District,,Lost,"26,686","13,114",0.491,https://www.gordonmar.com/,D4GordonMar,,,Nonpartisan,7.0,1.0,,,1,11,0,10,1,0,1338,582,17.27,,,,,3.0,,,,,,,,,,,,,,,,,,,,,,,,,,,,,,,,,,,23,6,0,0,5,0,0,0,12
Honey Mahogany,"San Francisco, California",https://ballotpedia.org/Honey_Mahogany,Board of Supervisors,Legislative,Special District,,Lost,"16,168","7,502",0.469,https://www.honeymahogany.com/,honeymahogany,,,Nonpartisan,18.0,4.0,,,4,43,1,31,4,7,1196,514,22.05,,,,7.0,13.0,,,,,,,,,,,,,,,,1.0,,,,,,,,,,,,,,,,,,,46,10,0,0,5,0,0,0,31
Ms. Billie Cooper,"San Francisco, California",https://ballotpedia.org/Ms._Billie_Cooper,Board of Supervisors,Legislative,Special District,,Lost,"16,168",0,0.0,https://msbilliecooper.org/,,,,Nonpartisan,10.0,2.0,,3.0,3,22,4,10,5,3,468,136,61.30333333,,,3.0,,,,,4.0,,,,,,,,,,,,,,,,,,,,,,,,,,,,,,,,7,4,3,0,0,0,0,0,0
Kate Stoia,"San Francisco, California",https://ballotpedia.org/Kate_Stoia,Board of Supervisors,Legislative,Special District,,Lost,"19,714","4,515",0.229,https://www.katestoia.com/,kate_stoia,,,Nonpartisan,82.0,18.0,9.0,18.0,18,172,0,109,27,36,7104,1611,40.45611111,,,,,4.0,,1.0,,18.0,,,,,,4.0,18.0,,,,,,,,,,,,,,,,,,,,,,,,21,10,0,0,3,0,0,0,8
Brian Sam Adam,"San Francisco, California",https://ballotpedia.org/Brian_Sam_Adam,Board of Supervisors,Legislative,Special District,,Lost,"9,011","2,677",0.297,https://www.briansamadam.com,BrianSamAdam,,,Nonpartisan,,,6.0,6.0,6,19,1,6,6,6,1162,471,58.00166667,,,,,,,,1.0,,,,,,,,6.0,,,,,,,,,,,,,,,,,,,,,,,,12,5,0,0,3,0,0,0,4
Janice Li,"San Francisco, California",https://ballotpedia.org/Janice_Li,Board of Directors,Executive,Special District,,Won,"55,584","55,285",0.995,https://janice.li/,,,,Nonpartisan,,,2.0,,2,22,6,10,6,0,1,1,164.03,2.0,2.0,2.0,,6.0,2.0,,,,,,,,6.0,,,,,,,,,,,,,,,,,,,,,,,,,,0,0,0,0,0,0,0,0,0
Thea Selby,"San Francisco, California",https://ballotpedia.org/Thea_Selby,Community College Board,Legislative,Special District,,Lost,"611,999","62,010",0.101,https://www.theaselby.org/,,,theaselby,Nonpartisan,704.0,2.0,56.0,57.0,74,1344,112,998,176,58,16556,1561,55.6,57.0,57.0,57.0,2.0,232.0,,,1.0,,,,7.0,18.0,76.0,,,,,,,,,18.0,,,18.0,,,,,,,,,,,,,,20,7,0,0,10,0,0,0,3
Jill Yee,"San Francisco, California",https://ballotpedia.org/Jill_Yee,Community College Board,Legislative,Special District,,Lost,"611,999","55,437",0.091,https://www.jillyee.com/,jyee4trustee,,,Nonpartisan,2.0,,,,1,8,2,4,2,0,60,41,73.68,1.0,1.0,1.0,,1.0,,,,,,,,,1.0,,,,,,,,,,,,1.0,,,,,,,,,,,,,,3,0,0,0,3,0,0,0,0
Jason Zeng,"San Francisco, California",https://ballotpedia.org/Jason_Zeng,Community College Board,Legislative,Special District,,Lost,"611,999","26,103",0.043,https://www.zeng2022.com/,jasonczeng,,,Republican Party,4.0,13.0,1.0,,7,50,8,28,14,0,829,299,40.65142857,,,,,24.0,,,2.0,,1.0,,,,,,,1.0,,,,2.0,,2.0,,,,,,,,,,,,,,,,,44,7,0,0,5,0,0,0,32
Omar Torres,"San Jose, California",https://ballotpedia.org/Omar_Torres,City Council,Legislative,City,,Won,"17,738","11,640",0.656,https://www.omartorres.org,voteomartorres,,,Nonpartisan,,,1.0,,1,4,0,2,2,0,0,0,206.84,1.0,1.0,,,,,,,,,,,,,,,,,1.0,,,,,,,,,,,,,,,,,,,,,3,0,0,0,3,0,0,0,0
Irene Smith,"San Jose, California",https://ballotpedia.org/Irene_Smith,City Council,Legislative,City,,Lost,"17,738","6,098",0.344,https://irenesmithd3.com/,IreneSmithD3,,,Nonpartisan,,2.0,,1.0,1,7,0,4,2,1,475,268,59.03,,,,,,,3.0,,,,,,,,,1.0,,,,,,,,,,,,,,,,,,,,,,,,110,12,2,0,10,0,0,0,86
Peter Ortiz,"San Jose, California",https://ballotpedia.org/Peter_Ortiz,City Council,Legislative,City,,Won,"16,528","9,058",0.548,https://www.ortiz2022.com/,portiz2022,,,Nonpartisan,11.0,1.0,3.0,6.0,6,52,1,41,4,6,3615,1060,38.87333333,,,,,24.0,,,1.0,,,,,,,,6.0,,,,,,,,,,,,,,,,,,,,,,,,16,5,0,0,3,0,0,0,8
Nora Campos,"San Jose, California",https://ballotpedia.org/Nora_Campos,City Council,Legislative,City,,Lost,"16,528","7,470",0.452,https://noracamposforcitycouncil.com/,,,noracampos2020,Democratic Party,,1.0,3.0,,8,65,0,45,20,0,2360,1051,3.394285714,,8.0,8.0,,19.0,2.0,,,,,,,,,,24.0,,,,,,,,,,,,,,,,,,,,,,,,1,1,0,0,0,0,0,0,0
Bien Doan,"San Jose, California",https://ballotpedia.org/Bien_Doan,City Council,Legislative,City,,Won,"17,021","9,155",0.538,https://biendoan.com,BienDoanD7,,,Nonpartisan,1.0,2.0,,,1,7,0,5,2,0,2088,727,-1.58,,,,,4.0,,,,,,,,,,,,,,,,,,,,,,,,,,,,,,,,,,,45,13,0,0,5,0,0,0,27
Maya Esparza,"San Jose, California",https://ballotpedia.org/Maya_Esparza,City Council,Legislative,City,,Lost,"17,021","7,866",0.462,https://mayaesparza.com,MayaEsparza3,,,Nonpartisan,30.0,,1.0,16.0,4,145,23,50,4,68,776,331,49.85,,,3.0,52.0,,,,7.0,,,,,,,8.0,12.0,,,,,,,,,,,,,,,16.0,,,,,,,,,27,5,3,0,3,0,0,0,16
Ben Vazquez,"Santa Ana, California",https://ballotpedia.org/Ben_Vazquez,City council,Legislative,City,Ward 2,Won,"4,390","2,235",0.509,https://www.benjaminvazquezforsantaana.com/,,,,Nonpartisan,43.0,,,,3,49,0,48,0,1,1209,470,50.77,,,,1.0,5.0,,,,,,,,,,,,,,,,,,,,,,,,,,,,,,,,,,,44,7,0,0,7,0,0,0,30
Amalia Mejia,"Santa Ana, California",https://ballotpedia.org/Amalia_Mejia,City council,Legislative,City,Ward 4,Lost,"8,265","3,861",0.467,https://www.voteamalia.org/,,,,Nonpartisan,2.0,,,,1,8,2,4,2,0,60,41,73.68,1.0,1.0,1.0,,1.0,,,,,,,,,1.0,,,,,,,,,,,,1.0,,,,,,,,,,,,,,3,0,0,0,3,0,0,0,0
David Penaloza,"Santa Ana, California",https://ballotpedia.org/David_Penaloza,City council,Legislative,City,Ward 6,Won,"5,225","2,863",0.548,https://penalozaforsantaana.com/,,,,Nonpartisan,,,,,1,5,0,5,0,0,621,344,40.55,,,,,5.0,,,,,,,,,,,,,,,,,,,,,,,,,,,,,,,,,,,8,3,1,0,2,0,0,0,2
Manuel Escamilla,"Santa Ana, California",https://ballotpedia.org/Manuel_Escamilla,City council,Legislative,City,Ward 6,Lost,"5,225","2,362",0.452,https://www.votemanny.org/,vote_manny,,,Nonpartisan,,,3.0,,3,18,0,15,3,0,536,253,49.21666667,,,,,15.0,,,,,,,,,,,,,,,,,,,,,,,,,,,,,,,,,,,82,15,0,0,12,0,0,0,55
Laurene Weste,"Santa Clarita, California",https://ballotpedia.org/Laurene_Weste,City Council,Legislative,City,,Won,"165,680","32,886",0.198,https://www.laureneweste.com/,,,,Nonpartisan,2.0,,,,1,8,2,4,2,0,60,41,73.68,1.0,1.0,1.0,,1.0,,,,,,,,,1.0,,,,,,,,,,,,1.0,,,,,,,,,,,,,,3,0,0,0,3,0,0,0,0
Bill Miranda,"Santa Clarita, California",https://ballotpedia.org/Bill_Miranda,City Council,Legislative,City,,Won,"165,680","32,306",0.195,https://votebillmiranda.com/,,,,Nonpartisan,39.0,7.0,4.0,,10,89,16,42,31,0,2514,633,47.265,,10.0,10.0,,,,3.0,6.0,,,,,,,,,,,,,,,,,,10.0,,,,,,,,,,,,,,73,12,1,0,5,8,0,0,47
Marsha McLean,"Santa Clarita, California",https://ballotpedia.org/Marsha_McLean,City Council,Legislative,City,,Won,"165,680","28,352",0.171,https://reelectmarshamclean.com/,,,,Nonpartisan,8.0,1.0,5.0,,13,69,9,28,32,0,2539,786,89.32916667,4.0,13.0,13.0,,13.0,1.0,2.0,,,,,,,,,,,,,,,,,,,9.0,,,,,,,,,,,,,,22,5,4,0,1,0,0,0,12
Denise Lite,"Santa Clarita, California",https://ballotpedia.org/Denise_Lite,City Council,Legislative,City,,Lost,"165,680","25,552",0.154,https://www.electdeniselite.com/,,,,Nonpartisan,,,,,1,3,1,0,2,0,5,5,100.24,,1.0,1.0,,,,,,,,,,,,,,,,,,,,,,,1.0,,,,,,,,,,,,,,2,2,0,0,0,0,0,0,0
Jeffrey Malick,"Santa Clarita, California",https://ballotpedia.org/Jeffrey_Malick,City Council,Legislative,City,,Lost,"165,680","14,560",0.088,https://www.jeffreymalickforcitycouncil.com,JeffMalickSCV,,,Nonpartisan,,,1.0,,1,61,1,1,3,56,0,0,206.84,,1.0,1.0,56.0,,1.0,,,,,,,,,,,,,,,,,,,,1.0,,,,,,,,,,,,,,71,10,2,0,10,0,0,0,49
Selina Thomas,"Santa Clarita, California",https://ballotpedia.org/Selina_Thomas,City Council,Legislative,City,,Lost,"165,680","14,121",0.085,https://www.selinathomasforcitycouncil.com/,selinaforcityc1,,,Nonpartisan,143.0,3.0,9.0,,49,555,106,338,107,4,10598,1585,15.43816327,3.0,49.0,46.0,1.0,179.0,6.0,4.0,79.0,3.0,,,,,21.0,,,,,3.0,,,,,6.0,,,,,,,,,,,,,,,,54,9,6,1,16,0,0,0,22
David Barlavi,"Santa Clarita, California",https://ballotpedia.org/David_Barlavi,City Council,Legislative,City,,Lost,"165,680","12,359",0.075,https://makeamericafunagain.co/,,,,Nonpartisan,,7.0,,32.0,1,61,12,0,7,42,1484,655,53.95,,,,10.0,,,,,,,,,,12.0,,,,,,,,,,,,,,,,,,,,,,,,,,5,2,0,0,3,0,0,0,0
Michele Padilla,"Stockton, California",https://ballotpedia.org/Michele_Padilla,City Council,Legislative,City,,Won,"12,106","7,150",0.591,https://padillaforstockton.com/,,,,Nonpartisan,,3.0,,37.0,2,49,4,0,3,42,296,164,54.005,,,,5.0,,,,2.0,,,,,,2.0,,,,,,,,,,,,,,,,,,,,,,,,,,0,0,0,0,0,0,0,0,0
Troy Whitmore,"Denver, Colorado",https://ballotpedia.org/Troy_Whitmore,Regional Transportation District Board of Directors,Executive,Special District,,Won,"52,507","34,916",0.665,https://votetroywhitmore.com/,,,,Nonpartisan,,10.0,1.0,186.0,6,246,13,0,23,210,1082,392,59.42166667,,,6.0,24.0,,,,,,,,,,13.0,,,,,,,,6.0,,,,,,,,,,,,,,,,,,6,3,0,0,3,0,0,0,0
Harvest Thomas III,"Denver, Colorado",https://ballotpedia.org/Harvest_Thomas_III,Regional Transportation District Board of Directors,Executive,Special District,,Lost,"52,507","17,591",0.335,https://www.harvestforrtd.com/,,,,Nonpartisan,46.0,1.0,11.0,12.0,12,86,1,58,12,15,937,241,68.695,,,,,,,,1.0,,,,,,,,12.0,,,,,,,,,,,,,,,,,,,,,3.0,,,19,8,0,0,3,0,0,0,8
LaKesha Burton,"Jacksonville, Florida",https://ballotpedia.org/LaKesha_Burton,Sheriff,Executive,City,,Lost,"326,825","146,676",0.449,https://burtonforsheriff.com,for_burton,,,Democratic Party,19.0,2.0,,,1,29,3,22,4,0,968,423,37.51,,1.0,1.0,,3.0,,,2.0,,,,,,,,,,,,,,,,,,1.0,,,,,,,,,,,,,,22,10,2,0,2,0,0,0,8
Stanley McAllister Jr.,"Jacksonville, Florida",https://ballotpedia.org/Stanley_McAllister_Jr.,City council,Legislative,City,District 9,Lost,"7,773","1,343",0.173,https://www.iameverydaypeople.org/,imeverydayppl,,,Democratic Party,16.0,1.0,,7.0,7,56,0,41,8,7,1140,447,13.30428571,,,7.0,,25.0,,,,,,,,,,,,,,,,,,,,,,,,,,,,,,,,,,,110,22,0,0,20,0,0,0,68
Matt Weyer,"Honolulu, Hawaii",https://ballotpedia.org/Matt_Weyer,City council,Legislative,City,,Won,"20,737","11,555",0.557,https://www.mattweyer.com/,,,mbweyer,Nonpartisan,8.0,8.0,,,7,34,1,25,8,0,1307,450,37.82285714,,,,,17.0,,,1.0,,,,,,,,,,,,,,,,,,,,,,,,,,,,,,,,177,10,0,0,50,0,0,0,117
Makuakai Rothman,"Honolulu, Hawaii",https://ballotpedia.org/Makuakai_Rothman,City council,Legislative,City,,Lost,"20,737","9,182",0.443,https://makuaforcouncil.com/,,,,Nonpartisan,,12.0,1.0,10.0,5,48,5,10,23,10,1147,437,35.832,,5.0,5.0,,10.0,,,4.0,,,,,,,,,1.0,,,,,,,,,,,,,,,,,,,,,,,18,7,3,0,0,0,0,0,8
Jill Tokuda,"Honolulu, Hawaii",https://ballotpedia.org/Jill_Tokuda,City council,Legislative,City,,Won,"148,260","98,827",0.667,https://tokuda.house.gov/,tokudaforhawaii,RepJillTokuda,jilltokuda,Democratic Party,1.0,,,23.0,64,26,2,1,0,23,21515,2451,15.69015625,,,,,,,,1.0,,,,,,,,,,,,,,,,,,,,,,,,,,,1.0,,,,,59,23,1,0,12,0,0,0,23
Tommy Waters,"Honolulu, Hawaii",https://ballotpedia.org/Tommy_Waters,City council,Legislative,City,,Won,"38,493","28,364",0.737,https://www.tommy-waters.com/,,,,Nonpartisan,3.0,3.0,3.0,,3,36,4,23,6,3,2380,812,32.85,,,,2.0,6.0,,2.0,4.0,1.0,,,,3.0,,,,,,,,,,,,,,,,,,,9.0,,,,,,,,169,9,5,0,47,0,0,0,108
Tyler Dos Santos-Tam,"Honolulu, Hawaii",https://ballotpedia.org/Tyler_Dos_Santos-Tam,City council,Legislative,City,,Won,"24,586","13,407",0.545,https://www.votetyler.com/,,,,Nonpartisan,28.0,1.0,1.0,,6,41,1,38,2,0,1376,542,55.19,,,,,10.0,,,1.0,,,,,,,,,,,,,,,,,,,,,,,,,,,,,,,,242,23,2,0,56,8,0,0,153
Traci Toguchi,"Honolulu, Hawaii",https://ballotpedia.org/Traci_Toguchi,City council,Legislative,City,,Lost,"24,586","11,179",0.455,https://www.traciktoguchi.com/,,,,Nonpartisan,235.0,5.0,,37.0,24,515,68,313,39,95,34458,1856,51.82291667,17.0,17.0,17.0,53.0,47.0,,,36.0,5.0,,,,,,14.0,,,,,,,,7.0,1.0,,7.0,,,,,17.0,,,,,,,,,55,10,2,0,5,0,0,0,38
Sylvia Luke,"Honolulu, Hawaii",https://ballotpedia.org/Sylvia_Luke,City council,Legislative,City,,Won,"413,262","261,025",0.632,https://ltgov.hawaii.gov/,,lgsylvialuke,,Democratic Party,21.0,3.0,,3.0,29,196,48,25,119,4,11709,1953,38.3337931,,29.0,,,2.0,,2.0,9.0,1.0,,,,,10.0,,,,,,,,29.0,,,29.0,29.0,29.0,,,,,,,,,,,,,97,23,1,0,12,0,0,0,61
Joseph P. O'Connor,"Indianapolis, Indiana",https://ballotpedia.org/Joseph_P._O'Connor,Assessor,Executive,County,,Won,"159,228","159,228",1.0,https://www.oconnorforassessor.com,,,,Democratic Party,,,,,5,16,2,13,1,0,977,365,18.682,,,1.0,,12.0,,1.0,2.0,,,,,,,,,,,,,,,,,,,,,,,,,,,,,,,,47,11,0,0,5,0,0,0,31
Ryan Mears,"Indianapolis, Indiana",https://ballotpedia.org/Ryan_Mears,Prosecuting attorney,Executive,County,,Won,"222,564","132,156",0.594,https://ryanmears.com,ryanmearsindy,,,Democratic Party,83.0,3.0,,2.0,11,208,17,157,16,18,2135,632,43.87818182,,2.0,11.0,16.0,54.0,,,12.0,,,,,,,,16.0,,4.0,,,,,,,,,,,,,,,,,5.0,,,,,6,2,3,0,1,0,0,0,0
Faith James Kimbrough,"Indianapolis, Indiana",https://ballotpedia.org/Faith_James_Kimbrough,Recorder,Executive,City,,Won,"220,263","137,846",0.626,https://faithforrecorder.com/,Faith4Recorder,,,Democratic Party,5.0,2.0,,23.0,1,43,6,5,3,29,220,137,43.77,,,1.0,6.0,,,,,,,,,,6.0,,,,,,,,,,,,,,,,,,,,,,,,,,6,3,0,0,3,0,0,0,0
Barcia Alejos,"Indianapolis, Indiana",https://ballotpedia.org/Barcia_Alejos,Recorder,Executive,City,,Lost,"220,263","82,417",0.374,https://alejosforindiana.com/,barciaa,,,Republican Party,1.0,,1.0,,1,5,0,2,3,0,68,57,32.29,1.0,1.0,1.0,,,,,,,,,,,,,,,,,,,,,,,,,,,,,,,,,,,,,0,0,0,0,0,0,0,0,0
Kerry Forestal,"Indianapolis, Indiana",https://ballotpedia.org/Kerry_Forestal,Sheriff,Executive,City,,Won,"221,672","141,954",0.64,https://forestalforsheriff.com,kerry_forestal,,,Democratic Party,,,,,1,7,1,6,0,0,29,19,48.3,,,,,6.0,,,1.0,,,,,,,,,,,,,,,,,,,,,,,,,,,,,,,,81,19,0,0,7,0,0,0,55
Randall Swindle,"Indianapolis, Indiana",https://ballotpedia.org/Randall_Swindle,Sheriff,Executive,City,,Lost,"221,672","79,718",0.36,https://www.swindle4sheriff.com/,Swindle4sheriff,,,Republican Party,12.0,,1.0,2.0,2,20,3,14,1,2,368,180,60.785,,,,,,,,3.0,,,,,,,,2.0,,,,,,,,,,,,,,,,,,,,,,,,17,8,0,0,3,0,0,0,6
Kate Sweeney Bell,"Indianapolis, Indiana",https://ballotpedia.org/Kate_Sweeney_Bell,Marion County Clerk,Executive,County,,Won,"220,774","137,463",0.623,https://katesweeneybell.com,,,,Democratic Party,1.0,,1.0,,1,5,0,2,3,0,0,0,206.84,1.0,1.0,1.0,,,,,,,,,,,,,,,,,,,,,,,,,,,,,,,,,,,,,2,0,0,0,2,0,0,0,0
Andrew Harrison,"Indianapolis, Indiana",https://ballotpedia.org/Andrew_Harrison,Marion County Clerk,Executive,County,,Lost,"220,774","83,311",0.377,https://www.harrisonformarioncountyclerk.com/,Harrison4Indy,,,Republican Party,1.0,,2.0,2.0,2,13,6,3,2,2,754,354,47.1,,,,,,,,6.0,,,,,,,,2.0,,,,,,,,,,,,,,,,,,,,,,,,9,5,0,0,2,0,0,0,2
Kate Bennett,"Frankfort, Kentucky",https://ballotpedia.org/Kate_Bennett,County attorney,Executive,County,,Lost,"19,938","9,879",0.495,https://kate-bennett.com,,,,Republican Party,148.0,1.0,8.0,58.0,15,308,28,186,34,60,1849,461,73.40933333,,9.0,15.0,2.0,30.0,,,13.0,,,1.0,,,,,,,,,8.0,,,,,,15.0,,,,,,,,,,,,,,36,11,7,1,5,0,0,0,12
Dawn Hale,"Frankfort, Kentucky",https://ballotpedia.org/Dawn_Hale,City commission,Legislative,City,,Lost,"23,092","3,535",0.153,https://dawnhale.com,,,,Nonpartisan,,,,,1,3,0,1,2,0,26,23,41.36,1.0,1.0,1.0,,,,,,,,,,,,,,,,,,,,,,,,,,,,,,,,,,,,,0,0,0,0,0,0,0,0,0
Angela Evans,"Lexington, Kentucky",https://ballotpedia.org/Angela_Evans,Fayette County attorney,Executive,County,,Won,"69,802","69,802",1.0,https://www.electangelaevans.com,ElectAngela,,,Democratic Party,8.0,1.0,,,2,18,0,17,1,0,1005,409,18.555,,,,,9.0,,,,,,,,,,,,,,,,,,,,,,,,,,,,,,,,,,,2,0,0,0,2,0,0,0,0
Brystin Denguessi Kwin,"Lexington, Kentucky",https://ballotpedia.org/Brystin_Denguessi_Kwin,Fayette County clerk,Executive,County,,Lost,"104,598","34,695",0.332,https://www.brystinforcountyclerk.com/,,,,Republican Party,,,1.0,,1,5,1,1,3,0,27,23,74.69,1.0,1.0,1.0,,,,,,,,,,,1.0,,,,,,,,,,,,,,,,,,,,,,,,,,0,0,0,0,0,0,0,0,0
Andrea Welker,"Lexington, Kentucky",https://ballotpedia.org/Andrea_Welker,Fayette County constable,Executive,County,District 1,Won,"18,950","18,950",1.0,http://welkerforconstable.com/,,,AndreaWelker,Democratic Party,,,1.0,,1,3,0,1,2,0,0,0,206.84,,1.0,,,,,,,,,,,,,,,,,1.0,,,,,,,,,,,,,,,,,,,,,11,1,0,0,8,0,0,0,2
Jon Larson,"Lexington, Kentucky",https://ballotpedia.org/Jon_Larson,Fayette County judge/executive,Executive,County,,Lost,"102,742","45,490",0.443,https://jonlarsonforfayettecounty.com/,,,,Republican Party,23.0,5.0,1.0,,9,97,10,23,24,40,1415,569,48.81111111,,9.0,9.0,36.0,,,,3.0,4.0,,,,,1.0,,,,,,,,,,,,6.0,,,,,,,,,,,,,,0,0,0,0,0,0,0,0,0
Kathy Witt,"Lexington, Kentucky",https://ballotpedia.org/Kathy_Witt,Fayette County sheriff,Executive,County,,Won,"104,652","72,056",0.689,https://sheriffkathywitt.com/,SheriffWitt,,,Democratic Party,37.0,,6.0,8.0,7,165,21,60,20,64,2493,664,53.92,,7.0,7.0,56.0,21.0,,,6.0,,,,,,,,,7.0,,,,,,,,,7.0,,,2.0,,,,,,1.0,,,,,7,7,0,0,0,0,0,0,0
Bill Farmer,"Lexington, Kentucky",https://ballotpedia.org/Bill_Farmer_Jr.,Lexington city council,Legislative,City,,Lost,"202,580","34,710",0.171,https://www.farmerforlexington.com/,,,,Nonpartisan,,3.0,1.0,,5,30,4,20,5,1,633,273,42.666,,,1.0,1.0,20.0,,,,,,,,,,,,,,,,,,,,,,,,,,4.0,,,,,,,,,71,19,4,1,8,0,0,0,39
Richard Moloney,"Lexington, Kentucky",https://ballotpedia.org/Richard_Moloney,Lexington city council,Legislative,City,,Lost,"202,580","30,681",0.151,https://richardmoloney.com,MoloneyAtLarge,,,Nonpartisan,4.0,2.0,,9.0,1,27,7,5,5,10,28,26,78.96,,1.0,1.0,1.0,1.0,,,3.0,,,,1.0,,,,,,,,,4.0,,,,,,,,,,,,,,,,,,,24,6,0,0,3,2,0,0,13
Rahsaan Berry,"Lexington, Kentucky",https://ballotpedia.org/Rahsaan_Berry,Lexington city council,Legislative,City,,Lost,"5,075","2,273",0.448,https://www.berryforcitycouncil.com,,,,Nonpartisan,2.0,,,,1,8,2,4,2,0,60,41,73.68,1.0,1.0,1.0,,1.0,,,,,,,,,1.0,,,,,,,,,,,,1.0,,,,,,,,,,,,,,3,0,0,0,3,0,0,0,0
Hannah LeGris,"Lexington, Kentucky",https://ballotpedia.org/Hannah_LeGris,Lexington city council,Legislative,City,,Won,"5,470","3,510",0.642,https://www.hannahforcouncil.com/,hannah4council,,,Nonpartisan,27.0,31.0,6.0,,29,215,58,118,38,1,11332,1857,18.79,,,1.0,1.0,91.0,,,5.0,,3.0,,,,,,,2.0,,,,17.0,,31.0,,,,,,,,,,,,,,,,,91,17,1,0,11,4,0,0,58
Kate Savage,"Lexington, Kentucky",https://ballotpedia.org/Kate_Savage,Lexington city council,Legislative,City,,Lost,"5,470","1,960",0.358,https://votekateforcouncil.com/,,,,Nonpartisan,,4.0,,2.0,1,19,7,4,6,2,22,17,85.69,,1.0,1.0,,2.0,,2.0,,,,,,,,,,,,,,,,,,,1.0,,,,,6.0,,,,,,,,,57,14,4,0,7,2,0,0,30
Liz Sheehan,"Lexington, Kentucky",https://ballotpedia.org/Liz_Sheehan,Lexington city council,Legislative,City,,Won,"9,515","5,956",0.626,https://lizforlex.com,,,lizforlex,Nonpartisan,15.0,,,1.0,1,19,0,17,1,1,99,72,64.07,,,,,2.0,,,,,,1.0,,,,,,,,,,,,,,,,,,,,,,,,,,,,,56,13,2,0,7,5,0,0,29
Preston Worley,"Lexington, Kentucky",https://ballotpedia.org/Preston_Worley,Lexington city council,Legislative,City,,Won,"6,010","4,190",0.697,https://www.prestonworleyforlex.com/,preston4lex,,,Nonpartisan,74.0,3.0,,36.0,10,134,0,85,13,36,2564,862,17.864,,,10.0,,10.0,,,,,,,,,,,,,,,,,,,,,,,,,1.0,,,,,,,,,,15,4,0,0,3,0,0,0,8
Whitney Elliott Baxter,"Lexington, Kentucky",https://ballotpedia.org/Whitney_Elliott_Baxter,Lexington city council,Legislative,City,,Won,"8,877","5,924",0.667,https://www.whitneyforcouncil.com/,,,,Nonpartisan,13.0,4.0,5.0,9.0,9,40,0,22,9,9,1989,477,40.05666667,,,,,,,,,,,,,,,,9.0,,,,,,,,,,,,,,,,,,,,,,,,16,5,0,0,3,0,0,0,8
Ross Mann,"Lexington, Kentucky",https://ballotpedia.org/Ross_Mann,Lexington city council,Legislative,City,,Lost,"8,094","2,952",0.365,https://www.rossmannforlex.com/,,,,Republican Party,,,1.0,,1,5,1,1,3,0,27,23,74.69,1.0,1.0,1.0,,,,,,,,,,,1.0,,,,,,,,,,,,,,,,,,,,,,,,,,0,0,0,0,0,0,0,0,0
Jennifer Reynolds,"Lexington, Kentucky",https://ballotpedia.org/Jennifer_Reynolds,Lexington city council,Legislative,City,,Won,"4,501","3,205",0.712,http://reynoldsfor11th.com/,,,Reynoldsfor11th,Nonpartisan,8.0,1.0,1.0,,10,87,3,62,22,0,2895,602,47.152,1.0,1.0,10.0,,51.0,,1.0,,,,,9.0,,2.0,,,1.0,,1.0,,,,,,,,,,,,,,,,,,,,,23,9,0,0,2,0,0,0,12
Kathy Plomin,"Lexington, Kentucky",https://ballotpedia.org/Kathy_Plomin,Lexington city council,Legislative,City,,Won,"7,802","5,711",0.732,http://plominforcouncil.com/,KathyPlomin12th,,,Nonpartisan,,,,1.0,1,4,0,1,2,1,23,17,48.13,1.0,1.0,1.0,,,,,,,,,,,,,,,,,,,,,,,,,,,,,,,,,,,,,30,4,0,0,8,0,0,0,18
Libby Messer,"Lexington, Kentucky",https://ballotpedia.org/Libby_Messer,Judicial offices,Judicial,County,,Won,"54,756","54,756",1.0,https://keepjudgemesser.com,,,,Nonpartisan,,3.0,,,1,27,22,1,4,0,441,213,51.99,,,1.0,,,,1.0,7.0,,,,,,15.0,,,,,,,,,,,,,,,,,,,,,,,,,,2,2,0,0,0,0,0,0,0
Ross Ewing,"Lexington, Kentucky",https://ballotpedia.org/Ross_Ewing,Judicial offices,Judicial,County,,Won,"50,943","50,943",1.0,https://rossewingforjudge.com/,,,,Nonpartisan,1.0,,,,1,3,0,1,2,0,50,37,54.52,,1.0,1.0,,,,,,,,,,,,,,,,,,,,,,,,,,,,,,,,,,,,,3,0,1,0,0,0,0,0,2
Tiffany Yahr,"Lexington, Kentucky",https://ballotpedia.org/Tiffany_Yahr,Judicial offices,Judicial,County,,Won,"72,011","36,069",0.501,https://www.yahrforjudge.com/,yahrforjudge,,,Nonpartisan,,,1.0,,1,3,0,0,3,0,14,14,89.75,,1.0,1.0,,,,,,,,,,,,,,,,,,,,,,,,,,,,,,,,,,,,,4,2,0,0,1,0,0,0,1
Carl Devine,"Lexington, Kentucky",https://ballotpedia.org/Carl_Devine,Judicial offices,Judicial,County,,Lost,"72,011","35,942",0.499,https://www.carldevineforjudge.com/,,,,Nonpartisan,1.0,11.0,3.0,15.0,15,46,0,17,14,15,2357,711,87.93266667,,,,,11.0,,,,,,,,,,,5.0,,,,,,,,,,,,,,,,,,,,,,,,18,7,0,0,3,0,0,0,8
Diane Minnifield,"Lexington, Kentucky",https://ballotpedia.org/Diane_Minnifield,Judicial offices,Judicial,County,,Won,"73,359","46,328",0.632,https://minnifield4judge.com,DianeMinnifield,,,Nonpartisan,3.0,2.0,,,1,43,25,11,2,5,390,219,41.33,,,,2.0,8.0,,,,,,,,,,,,,,,,,,25.0,,,,,,,,,,,,,,3.0,,,76,23,3,0,7,0,0,0,43
Jeffrey Taylor,"Lexington, Kentucky",https://ballotpedia.org/Jeffrey_Taylor_(Kentucky_Circuit_Court_judge),Judicial offices,Judicial,County,,Lost,"73,359","27,031",0.368,https://jeffreytaylorforjudge.com/,,,,Nonpartisan,78.0,,,22.0,6,146,0,82,41,23,4345,1343,65.64166667,,5.0,6.0,,2.0,,1.0,,1.0,,5.0,24.0,,,,,,,,1.0,,,,,1.0,,,,,,,,,,,,,,,50,8,3,0,4,5,0,0,30
Denotra Gunther,"Lexington, Kentucky",https://ballotpedia.org/Denotra_Gunther,Judicial offices,Judicial,County,,Won,"31,638","31,638",1.0,https://www.denotrafordistrictjudge.com/,,,,Nonpartisan,2.0,,,,1,8,2,4,2,0,60,41,73.68,1.0,1.0,1.0,,1.0,,,,,,,,,1.0,,,,,,,,,,,,1.0,,,,,,,,,,,,,,1,0,0,0,1,0,0,0,0
Mike O'Connell,"Louisville, Kentucky",https://ballotpedia.org/Mike_O'Connell,Jefferson County attorney,Executive,County,,Won,"184,578","184,578",1.0,https://www.countyattorneymike.com/,ReElectOConnell,,,Democratic Party,,2.0,2.0,,3,14,0,7,4,3,207,113,42.88666667,,,,,7.0,,,,3.0,,,,,,,,,,,,,,,,,,,,,,,,,,,,,,,22,5,0,0,7,0,0,0,10
Barbara Holsclaw,"Louisville, Kentucky",https://ballotpedia.org/Barbara_Holsclaw,Jefferson County clerk,Executive,County,,Won,"275,373","141,274",0.513,https://jeffersoncountyclerk.org,,,,Republican Party,277.0,50.0,15.0,,66,1188,427,561,197,3,25696,2822,79.53484848,16.0,66.0,66.0,,144.0,15.0,8.0,22.0,3.0,,,,,391.0,,3.0,,49.0,,,,,,,,14.0,,,,,,49.0,,,,,,,,38,7,0,0,6,1,0,0,24
Tina Ward-Pugh,"Louisville, Kentucky",https://ballotpedia.org/Tina_Ward-Pugh,Jefferson County clerk,Executive,County,,Lost,"275,373","133,928",0.486,https://tinawardpughforcountyclerk.com/,,,TinaWardPugh,Democratic Party,27.0,23.0,,,14,227,36,55,51,85,4502,1112,27.6825,,14.0,14.0,41.0,24.0,,,4.0,44.0,,,,,10.0,,,12.0,,,,,,,,,14.0,,,,,,,,,,,,,,26,8,2,0,3,0,0,0,13
Chris Thieneman,"Louisville, Kentucky",https://ballotpedia.org/Chris_Thieneman,Louisville metro council,Legislative,City,,Lost,"14,067",801,0.057,http://www.christhieneman.com,,,ChrisThieneman1,Independent,4.0,1.0,,2.0,1,13,0,8,2,3,246,146,54.32,,,1.0,,2.0,,1.0,,1.0,,,,,,,,,,1.0,,,,,,,,,,,,,,,,,,,,,6,3,0,0,0,0,0,0,3
Alexandra Martindale,"Louisville, Kentucky",https://ballotpedia.org/Alexandra_Martindale,Louisville metro council,Legislative,City,,Lost,"14,862","5,363",0.361,https://www.martindaleformetro.com/,AMartindaleKY,,,Republican Party,1.0,,1.0,,1,5,0,2,3,0,0,0,206.84,1.0,1.0,1.0,,,,,,,,,,,,,,,,,,,,,,,,,,,,,,,,,,,,,1,0,0,0,1,0,0,0,0
Kent Hall,"Louisville, Kentucky",https://ballotpedia.org/Kent_Hall,Louisville metro council,Legislative,City,,Lost,"13,259","5,479",0.413,https://www.voteforkenthall.com,,,,Republican Party,14.0,,,,7,24,0,21,0,3,676,260,44.99,,,,,7.0,,,,3.0,,,,,,,,,,,,,,,,,,,,,,,,,,,,,,,3,0,0,0,3,0,0,0,0
Anthony Jones,"Louisville, Kentucky",https://ballotpedia.org/Anthony_Jones_(Kentucky),Judicial offices,Judicial,County,,Won,"191,698","97,740",0.51,https://anthonyjonesforjudge.com,,,,Nonpartisan,2.0,,,,1,8,2,4,2,0,60,41,73.68,1.0,1.0,1.0,,1.0,,,,,,,,,1.0,,,,,,,,,,,,1.0,,,,,,,,,,,,,,3,0,0,0,3,0,0,0,0
Emily Monarch,"Louisville, Kentucky",https://ballotpedia.org/Emily_Monarch,Judicial offices,Judicial,County,,Lost,"191,698","92,667",0.483,https://monarchforjudge.com/,ekmonarch,,,Nonpartisan,21.0,,1.0,18.0,3,49,4,24,2,19,940,599,45.69666667,,,1.0,1.0,,,3.0,4.0,,,,,,,,,,,,,,,,,,,,,,,,,,,,,,,,23,10,3,0,2,0,0,0,8
Kristina Garvey,"Louisville, Kentucky",https://ballotpedia.org/Kristina_Garvey,Judicial offices,Judicial,County,,Won,"195,560","104,633",0.535,https://garveyforjudge.com,,,garveyforjudge,Nonpartisan,,,,3.0,1,6,0,0,0,6,508,245,35.0,,,,2.0,,,,,1.0,,,,,,,,,,,,,,,,,,,,,,,,,,,,,,,12,6,0,0,4,0,0,0,2
Kelly Bowles,"Louisville, Kentucky",https://ballotpedia.org/Kelly_Bowles,Judicial offices,Judicial,County,,Lost,"195,560","89,606",0.458,https://kellybowles.com/,bowlesforjudge,,,Nonpartisan,,,1.0,,1,4,0,1,3,0,24,21,108.9,,1.0,1.0,,,1.0,,,,,,,,,,,,,,,,,,,,,,,,,,,,,,,,,,1,0,0,0,1,0,0,0,0
Yvette De La Guardia,"Louisville, Kentucky",https://ballotpedia.org/Yvette_De_La_Guardia,Judicial offices,Judicial,County,,Won,"195,077","100,288",0.514,https://www.yvettedelaguardia.com/,YDLGforJudge,,,Nonpartisan,1.0,,1.0,,1,5,0,2,3,0,0,0,206.84,1.0,1.0,1.0,,,,,,,,,,,,,,,,,,,,,,,,,,,,,,,,,,,,,1,0,0,0,1,0,0,0,0
Justin Brown,"Louisville, Kentucky",https://ballotpedia.org/Justin_Brown_(Kentucky),Judicial offices,Judicial,County,,Lost,"195,165","79,999",0.41,https://www.brownfordistrictjudge.com/,justin4judge,,,Nonpartisan,6.0,1.0,4.0,,7,36,3,27,6,0,919,262,63.77285714,,,1.0,,21.0,,,2.0,,,,,,,,,1.0,,,,,,,,,,,,,,,,,,,,,,,85,20,4,1,8,0,0,0,52
Shannon Fauver,"Louisville, Kentucky",https://ballotpedia.org/Shannon_Fauver,Judicial offices,Judicial,County,,Lost,"191,999","81,101",0.422,https://fauverforjudge.com,fauverforjudge,,,Nonpartisan,1.0,,1.0,,1,5,0,2,3,0,68,57,32.29,1.0,1.0,1.0,,,,,,,,,,,,,,,,,,,,,,,,,,,,,,,,,,,,,0,0,0,0,0,0,0,0,0
Karen Faulkner,"Louisville, Kentucky",https://ballotpedia.org/Karen_Faulkner,Judicial offices,Judicial,County,,Won,"196,380","99,361",0.506,https://www.votekarenfaulkner.com/,VoteFaulkner,,kfaulknerlaw,Nonpartisan,42.0,2.0,8.0,8.0,8,94,0,76,10,8,1890,671,28.89,,,,,18.0,,8.0,,,,,,,,,8.0,,,,,,,,,,,,,,,,,,,,,,,,26,11,2,0,5,0,0,0,8
Jessica Stone,"Louisville, Kentucky",https://ballotpedia.org/Jessica_Stone,Judicial offices,Judicial,County,,Lost,"196,380","95,764",0.488,https://www.jessicastoneforjudge.com/,,,,Nonpartisan,,1.0,2.0,,5,31,15,10,5,1,842,356,106.824,,2.0,,1.0,9.0,,1.0,,,,,,,,,,,,,,10.0,,,,,,,,,,5.0,,,,,,,,,118,23,0,0,17,0,0,0,78
Kaitlin Dean,"Louisville, Kentucky",https://ballotpedia.org/Kaitlin_Dean,Judicial offices,Judicial,County,,Lost,"185,781","78,418",0.422,https://kaitlindeanforjudge.com/,DEANforJudge,,,Nonpartisan,15.0,4.0,,129.0,4,183,12,16,12,143,0,0,0.0,,,4.0,14.0,,,1.0,,,,,,,12.0,,,,,,,,4.0,,,,,,,,,,,,,,,,,,12,5,0,0,5,0,0,0,2
Stephanie Pearce Burke,"Louisville, Kentucky",https://ballotpedia.org/Stephanie_Pearce_Burke,Judicial offices,Judicial,County,,Won,"137,869","137,869",1.0,https://citizensforbetterjudges.org,,,,Nonpartisan,,,1.0,,1,4,0,1,3,0,11,9,91.27,1.0,1.0,1.0,,,,,,,,,,,,,,,,,,,,,,,,,,,,,,,,,,,,,0,0,0,0,0,0,0,0,0
Mary Wolford,"Louisville, Kentucky",https://ballotpedia.org/Mary_Wolford,Judicial offices,Judicial,County,,Won,"189,368","107,336",0.567,https://maryjudewolford.com,,,,Nonpartisan,14.0,,,,1,18,0,18,0,0,181,99,74.39,,,,,4.0,,,,,,,,,,,,,,,,,,,,,,,,,,,,,,,,,,,41,7,0,0,5,0,0,0,29
Claudette Patton,"Louisville, Kentucky",https://ballotpedia.org/Claudette_Patton,Judicial offices,Judicial,County,,Lost,"189,368","80,720",0.426,https://pattonfordistrictjudge.com/,,,,Nonpartisan,77.0,2.0,1.0,,2,115,2,104,9,0,2003,733,-55.835,,2.0,,,27.0,,,,,,,2.0,,,,,,,,,,,,,2.0,2.0,,,,,,,,,,,,,,12,2,2,0,2,0,0,0,6
Ebert Haegele,"Louisville, Kentucky",https://ballotpedia.org/Ebert_Haegele,Judicial offices,Judicial,County,,Lost,"205,274","82,261",0.401,https://ebertforjudge.com/,,,,Nonpartisan,1.0,,,,1,6,1,3,2,0,55,45,87.52,1.0,1.0,1.0,,1.0,,,,,,,,,1.0,,,,,,,,,,,,,,,,,,,,,,,,,,0,0,0,0,0,0,0,0,0
Mary M. Shaw,"Louisville, Kentucky",https://ballotpedia.org/Mary_M._Shaw,Judicial offices,Judicial,County,,Lost,"200,693","98,530",0.491,https://keepjudgeshaw.com/,,,,Nonpartisan,1.0,3.0,,54.0,2,69,3,1,5,60,0,0,0.0,,,2.0,6.0,,,,,,,,,,3.0,,,,,,,,,,,,,,,,,,,,,,,,,,8,5,0,0,3,0,0,0,0
Melissa Bellows,"Louisville, Kentucky",https://ballotpedia.org/Melissa_Bellows,Judicial offices,Judicial,County,,Won,"198,339","107,698",0.543,https://www.bellowsforcircuitjudge.com/,,,,Nonpartisan,1.0,,,,1,5,1,2,2,0,0,0,0.0,1.0,1.0,1.0,,,,,,,,,,,,,,,,,,,,,,,1.0,,,,,,,,,,,,,,0,0,0,0,0,0,0,0,0
Jennifer Bryant Wilcox,"Louisville, Kentucky",https://ballotpedia.org/Jennifer_Bryant_Wilcox,Judicial offices,Judicial,County,,Won,"146,532","146,532",1.0,https://judgewilcox.com,,,,Nonpartisan,5.0,,,,1,10,1,7,2,0,86,65,82.34,1.0,1.0,1.0,,1.0,,,,,,,,,1.0,,,,,,,,,,,,,,,,,,,,,,,,,,0,0,0,0,0,0,0,0,0
Sarah Clay,"Louisville, Kentucky",https://ballotpedia.org/Sarah_Clay,Judicial offices,Judicial,County,,Won,"191,717","110,876",0.578,https://sarahclayforjudge.com,,,,Nonpartisan,12.0,,2.0,6.0,3,38,0,30,2,6,398,188,63.49333333,,,,,18.0,,,,,,,,,,,,,,,,,,,,,,,,,,,,,,,,,,,4,2,2,0,0,0,0,0,0
Patricia Morris,"Louisville, Kentucky",https://ballotpedia.org/Patricia_Morris_(Kentucky),Judicial offices,Judicial,County,,Won,"196,155","103,918",0.53,https://tishmorrisforjudge.com/,,,,Nonpartisan,7.0,7.0,,124.0,4,178,13,8,15,142,0,0,0.0,,,4.0,18.0,,,1.0,2.0,,,,,,8.0,,,,,,,3.0,4.0,,,,,,,,,,,,,,,,,,15,4,0,0,3,0,0,0,8
Dorislee Gilbert,"Louisville, Kentucky",https://ballotpedia.org/Dorislee_Gilbert,Judicial offices,Judicial,County,,Lost,"196,155","90,670",0.462,https://www.gilbertforjudge.com/,GilbertForJudge,,,Nonpartisan,1.0,,1.0,,1,5,0,2,3,0,0,0,206.84,1.0,1.0,1.0,,,,,,,,,,,,,,,,,,,,,,,,,,,,,,,,,,,,,1,0,0,0,1,0,0,0,0
Shelley Santry,"Louisville, Kentucky",https://ballotpedia.org/Shelley_Santry,Judicial offices,Judicial,County,,Won,"144,421","144,421",1.0,https://www.santryforjudge.com/,,,,Nonpartisan,1.0,,1.0,,1,5,0,2,3,0,0,0,206.84,1.0,1.0,1.0,,,,,,,,,,,,,,,,,,,,,,,,,,,,,,,,,,,,,1,0,0,0,1,0,0,0,0
Gina Kay Calvert,"Louisville, Kentucky",https://ballotpedia.org/Gina_Kay_Calvert,Judicial offices,Judicial,County,,Won,"143,198","143,198",1.0,http://judgeginacalvert.com,,,,Nonpartisan,,,1.0,,1,3,0,1,2,0,0,0,206.84,,1.0,,,,,,,,,,,,,,,,,1.0,,,,,,,,,,,,,,,,,,,,,11,1,0,0,8,0,0,0,2
Derwin L. Webb,"Louisville, Kentucky",https://ballotpedia.org/Derwin_L._Webb,Judicial offices,Judicial,County,,Won,"145,973","145,973",1.0,http://www.keepjudgewebb.com/,,,,Nonpartisan,6.0,,,7.0,4,35,4,16,8,7,444,253,45.9625,4.0,4.0,4.0,,4.0,,2.0,4.0,,,,,,,,,,,,,,,,,,,,,,,,,,,,,,,,33,11,0,0,8,0,0,0,14
Mera Corlett,"Louisville, Kentucky",https://ballotpedia.org/Mera_Corlett,Judicial offices,Judicial,County,,Won,"76,733","76,733",1.0,https://meracorlett.com,,,,Democratic Party,10.0,1.0,,,1,17,2,13,1,1,83,59,43.36,,,,1.0,3.0,,,2.0,,,,,,,,,,,,,,,,,,,,,,,,,,,,,,,,85,17,0,0,7,0,0,0,61
Brad Myers,"Baton Rouge, Louisiana",https://ballotpedia.org/Brad_Myers,19th Judicial District,Judicial,County,,Won,"12,144","6,073",0.5,https://bradmyersforjudge.com/,,,,Republican Party,14.0,,,2.0,3,20,2,16,0,2,1542,524,51.91,,,,,,,,2.0,,,,,,,,,,2.0,,,,,,,,,,,,,,,,,,,,,,35,1,3,0,4,0,0,0,27
Belinda Conaway,"Baltimore, Maryland",https://ballotpedia.org/Belinda_Conaway,Register of Wills,Judicial,County,,Won,"107,562","106,176",0.987,http://www.belindaconaway.com/,,,,Democratic Party,4.0,1.0,2.0,,3,19,2,8,9,0,3907,851,42.15333333,3.0,3.0,3.0,,,1.0,,,,,,,,,,,,,,,,,,,,2.0,,,,,,,,,,,,,,67,3,0,0,9,0,0,0,55
Sam Cogen,"Baltimore, Maryland",https://ballotpedia.org/Sam_Cogen,Sheriff,Executive,City,,Won,"108,162","107,118",0.99,https://baltimoresheriff.com,,,,Democratic Party,36.0,21.0,11.0,12.0,12,187,75,46,32,34,2153,610,34.80666667,,,,22.0,10.0,,,65.0,,,,,,,,,3.0,,,,,,,1.0,,,,,,,6.0,,,,,,,,,16,4,4,0,0,0,0,0,8
Tonya Finley-McCaw,"St. Louis, Missouri",https://ballotpedia.org/Tonya_Finley-McCaw,Board of Aldermen,Legislative,Special District,Ward 2,Lost,435,182,0.418,https://tonyafinleymccaw.com,,,,Democratic Party,1.0,,1.0,,1,5,0,2,3,0,0,0,206.84,1.0,1.0,1.0,,,,,,,,,,,,,,,,,,,,,,,,,,,,,,,,,,,,,2,0,0,0,2,0,0,0,0
Megan Ellyia Green,"St. Louis, Missouri",https://ballotpedia.org/Megan_Ellyia_Green,Board of Aldermen,Legislative,Special District,,Won,"78,187","43,171",0.552,https://meganellyia.medium.com,,,,Nonpartisan,10.0,,19.0,29.0,29,1059,657,165,48,189,12068,2402,55.38923077,,,29.0,,152.0,,,,,,,,3.0,,,,,,,,99.0,,,,,29.0,,,,,,,,,497.0,,160.0,32.0,,45,8,0,0,7,0,0,0,30
John Coatar,"St. Louis, Missouri",https://ballotpedia.org/John_Coatar,Board of Aldermen,Legislative,Special District,,Lost,"78,187","35,016",0.448,https://www.jackcoatar.com/,JackCoatar,,,Nonpartisan,20.0,1.0,1.0,,9,74,0,70,2,2,1808,547,80.28111111,,,,2.0,50.0,,,,,,,,,,,,,,,,,,,,,,,,,,,,,,,,,,,59,17,2,0,7,0,0,0,33
Gregory Daly,"St. Louis, Missouri",https://ballotpedia.org/Gregory_Daly,Collector of revenue,Executive,City,,Won,"81,921","70,005",0.855,https://www.gregoryfxdaly.com,gregoryfxdaly,,,Democratic Party,29.0,,,,6,61,2,41,0,18,2575,363,59.975,,,,18.0,12.0,,,1.0,,,,,,,,,1.0,,,,,,,,,,,,,,,,,,,,,,,70,14,4,0,9,0,0,0,43
Michael Butler,"St. Louis, Missouri",https://ballotpedia.org/Michael_Butler_(Missouri),Recorder of deeds,Executive,City,,Won,"80,982","63,686",0.786,https://www.michaelbutler.org,,,MikeButlerSTL,Democratic Party,14.0,1.0,3.0,4.0,4,31,5,18,4,4,702,289,62.51,,,,,4.0,,,1.0,,,,,,4.0,,,,,,,,,,,,,,,,,,,,,,,,,,53,14,0,0,5,0,0,0,34
Jim Grotrian,"Omaha, Nebraska",https://ballotpedia.org/Jim_Grotrian,Special district offices,Executive,Special District,,Lost,"38,353","18,809",0.49,https://www.jimgrotrian.com,jimg4oppd,,,Nonpartisan,13.0,6.0,4.0,,6,47,0,37,10,0,1040,376,29.94666667,,,,,24.0,,,,,,,,,,,,,,,,,,,,,,,,,,,,,,,,,,,78,17,0,0,7,0,0,0,54
Kevin Ryan,"Omaha, Nebraska",https://ballotpedia.org/Kevin_Ryan_(Nebraska),Special district offices,Executive,Special District,,Lost,"28,944","11,873",0.41,https://www.kevinryanoppd.com/,,,,Nonpartisan,1.0,,1.0,,1,5,0,2,3,0,0,0,206.84,1.0,1.0,1.0,,,,,,,,,,,,,,,,,,,,,,,,,,,,,,,,,,,,,1,0,0,0,1,0,0,0,0
Wade Bradshaw,"Carson City, Nevada",https://ballotpedia.org/Wade_Bradshaw,City Board of Supervisors,Legislative,City,,Lost,"21,553","9,281",0.431,https://wadeforthewin.com/,,,WadeBradshaw4,Nonpartisan,,,2.0,2.0,4,5,0,0,2,3,1226,512,37.905,,,,,,,,,1.0,,,,,,,,,,,,,,,,,,,,,,,,,,,,,,,6,3,3,0,0,0,0,0,0
James Wells,"Carson City, Nevada",https://ballotpedia.org/James_Wells,City Board of Supervisors,Legislative,City,,Lost,"21,050","8,413",0.4,http://wells4ward3.com,,,,Nonpartisan,,,,,1,3,0,1,2,0,26,23,41.36,1.0,1.0,1.0,,,,,,,,,,,,,,,,,,,,,,,,,,,,,,,,,,,,,0,0,0,0,0,0,0,0,0
Trish Nash,"Henderson, Nevada",https://ballotpedia.org/Trish_Nash,City Council,Legislative,City,,Lost,"114,812","55,645",0.485,https://vote4trishnash.com/,vote4trishnash,,,Nonpartisan,56.0,24.0,,86.0,52,424,112,137,76,99,23744,3160,43.98769231,,,52.0,6.0,74.0,,1.0,106.0,7.0,,,,,,6.0,,1.0,,,,,,,,,,,,,,5.0,,,,,,,,,157,25,0,0,7,4,0,0,121
Francis Allen-Palenske,"Las Vegas, Nevada",https://ballotpedia.org/Francis_Allen-Palenske,City Council,Legislative,City,,Won,"37,863","19,894",0.525,https://francisallenpalenske.com/,AllenPalenske,,,Nonpartisan,26.0,8.0,7.0,,9,82,3,45,33,1,4597,1241,41.91555556,,9.0,9.0,,18.0,,,2.0,1.0,,,,1.0,,,,,,,,,,,1.0,,,,,,,,,,,,,,,,136,4,3,0,53,0,0,0,76
Nancy Brune,"Las Vegas, Nevada",https://ballotpedia.org/Nancy_Brune,City Council,Legislative,City,,Won,"35,416","17,905",0.506,https://brune4vegas.com/,Brune4Vegas,,,Nonpartisan,155.0,3.0,10.0,76.0,18,523,95,242,76,110,4259,1036,56.57529412,,14.0,18.0,34.0,78.0,,1.0,75.0,,,17.0,14.0,,,,,18.0,,,,,,,,,,,,8.0,,2.0,,,,,,,,,133,9,4,0,45,0,0,0,75
Ray Spencer,"Las Vegas, Nevada",https://ballotpedia.org/Ray_Spencer,City Council,Legislative,City,,Lost,"35,416","17,511",0.494,https://www.electrayspencer.com/,ElectRaySpencer,,,Nonpartisan,1.0,,1.0,,1,5,0,2,3,0,0,0,206.84,1.0,1.0,1.0,,,,,,,,,,,,,,,,,,,,,,,,,,,,,,,,,,,,,1,0,0,0,1,0,0,0,0
Karl Hall,"Reno, Nevada",https://ballotpedia.org/Karl_Hall,City Attorney,Executive,City,,Won,"62,301","62,301",1.0,https://karlhall4reno.com,,,,Nonpartisan,,1.0,1.0,1.0,1,10,1,2,6,1,126,81,63.9,,1.0,1.0,,,,2.0,,,,1.0,,,,,,,,,,,1.0,,,,1.0,,,,,,,,,,,,,,19,9,1,0,1,0,0,0,8
Naomi Duerr,"Reno, Nevada",https://ballotpedia.org/Naomi_Duerr,City Council,Legislative,City,,Won,"21,216","12,055",0.568,https://www.votenaomi.com,NaomiDuerr,,,Nonpartisan,36.0,7.0,5.0,,10,202,15,91,32,64,4736,1363,52.987,,10.0,10.0,60.0,47.0,2.0,6.0,,4.0,,,,,5.0,,,,,,,,,,,,10.0,,,,,,,,,,,,,,93,23,2,0,3,0,0,0,65
Meghan Ebert,"Reno, Nevada",https://ballotpedia.org/Meghan_Ebert,City Council,Legislative,City,,Won,"11,650","5,894",0.506,https://meghan4reno.com,,,,Nonpartisan,,1.0,,1.0,1,3,0,1,1,1,363,186,49.69,,,,,,,,,,,,,,,,1.0,,,,,,,,,,,,,,,,,,,,,,,,63,25,5,2,7,0,0,0,24
Justin Champagne,"Reno, Nevada",https://ballotpedia.org/Justin_Champagne,Municipal Court,Judicial,City,,Won,"76,306","43,537",0.571,https://votechampagne.com/,,,,Nonpartisan,7.0,2.0,1.0,,4,37,6,18,11,2,1134,535,55.6275,,4.0,4.0,,8.0,1.0,,1.0,2.0,,,,,,,,1.0,,,,,,,,,4.0,,,,1.0,,,,1.0,,,,,,4,3,0,0,1,0,0,0,0
Pete Sferrazza,"Reno, Nevada",https://ballotpedia.org/Pete_Sferrazza,Municipal Court,Judicial,City,,Lost,"76,306","32,769",0.429,http://judgepetesferrazza.com/,,,,Nonpartisan,,,,,1,3,0,1,2,0,26,23,41.36,1.0,1.0,1.0,,,,,,,,,,,,,,,,,,,,,,,,,,,,,,,,,,,,,0,0,0,0,0,0,0,0,0
Christopher Hazlett-Stevens,"Reno, Nevada",https://ballotpedia.org/Christopher_Hazlett-Stevens,Municipal Court,Judicial,City,,Won,"69,902","35,152",0.503,https://judgechris.org/,,,,Nonpartisan,22.0,3.0,2.0,5.0,5,43,0,33,5,5,3500,1040,40.362,,,,,6.0,,,,,,,,,,,5.0,,,,,,,,,,,,,,,,,,,,,,,,21,10,0,0,3,0,0,0,8
Michael J. Silva,"Newark, New Jersey",https://ballotpedia.org/Michael_Silva,City Council,Legislative,City,,Won,"2,640","1,509",0.572,https://mike2022.com,,,,Nonpartisan,1.0,,1.0,,1,5,0,2,3,0,0,0,206.84,1.0,1.0,1.0,,,,,,,,,,,,,,,,,,,,,,,,,,,,,,,,,,,,,2,0,0,0,2,0,0,0,0
Dupre Kelly,"Newark, New Jersey",https://ballotpedia.org/Dupre_Kelly,City Council,Legislative,City,,Won,"3,170","1,858",0.586,https://www.duprekelly.com,,,,Nonpartisan,7.0,2.0,4.0,,8,39,11,19,7,2,1993,701,51.7975,,,1.0,2.0,12.0,,,,,,,,,,,,,,,,,,,,,,,,,,11.0,,,,,,,,,58,16,2,0,7,0,0,0,33
LaMonica McIver,"Newark, New Jersey",https://ballotpedia.org/LaMonica_McIver,City Council,Legislative,City,,Won,"3,066","1,978",0.645,https://www.lamonicamciver.com/,,,,Nonpartisan,58.0,3.0,10.0,,12,148,55,65,23,5,2605,870,40.13416667,,,10.0,2.0,7.0,,,1.0,3.0,,,,,,,,,,,,,,,,,,,,,,54.0,,,,,,,,,65,10,0,0,8,0,0,0,47
Atalaya Armstrong,"Trenton, New Jersey",https://ballotpedia.org/Atalaya_Armstrong,City Council,Legislative,City,,Lost,"3,201","1,101",0.344,https://atalayaarmstrong4trentoncitycouncil.com/,,,,Nonpartisan,7.0,4.0,,83.0,3,142,30,7,10,95,521,194,52.81,,,3.0,12.0,,,,2.0,,,,,,25.0,,,,,,,3.0,3.0,,,,,,,,,,,,,,,,,,6,3,0,0,3,0,0,0,0
Dimple Ajmera,"Charlotte, North Carolina",https://ballotpedia.org/Dimple_Ajmera,City Council,Legislative,City,,Won,"280,718","46,470",0.166,https://www.dimpleajmera.com/,dimpleajmera,,,Democratic Party,2.0,,2.0,3.0,3,34,6,11,14,3,799,424,44.75666667,,,1.0,,9.0,,,6.0,,,3.0,8.0,,,,,,,,,,,,,,,,,,,,,,,,,,,,39,7,0,0,4,4,0,0,24
Braxton Winston  II,"Charlotte, North Carolina",https://ballotpedia.org/Braxton_Winston_II,City Council,Legislative,City,,Won,"280,718","45,771",0.163,https://votebraxton.com,,,,Democratic Party,,,1.0,,1,11,0,9,1,1,43,37,37.31,,,,1.0,9.0,,,,,,,,,,,,,,,,,,,,,,,,,,,,,,,,,,,82,7,0,0,9,3,1,0,62
LaWana Slack-Mayfield,"Charlotte, North Carolina",https://ballotpedia.org/LaWana_Slack-Mayfield,City Council,Legislative,City,,Won,"280,718","42,323",0.151,https://votelawanamayfield.com,,,,Democratic Party,5.0,1.0,3.0,19.0,6,103,39,29,16,19,1485,481,40.38166667,,6.0,6.0,,18.0,,,13.0,,,,,6.0,18.0,,,1.0,,,,1.0,,,,,6.0,,,,,,,,,,,,,,35,19,3,0,2,0,0,0,11
Kyle Luebke,"Charlotte, North Carolina",https://ballotpedia.org/Kyle_Luebke,City Council,Legislative,City,,Lost,"280,718","28,502",0.102,https://www.kyleluebke.com,kylejluebke,,,Republican Party,1.0,,,4.0,1,5,0,1,0,4,375,185,59.16,,,,,,,,,,,,,,,,,,,,,,,,,,,,,,,,,,,,,,,,15,1,3,0,0,0,0,0,11
David Merrill,"Charlotte, North Carolina",https://ballotpedia.org/David_Merrill_(North_Carolina),City Council,Legislative,City,,Lost,"280,718","25,299",0.09,https://www.votemerrill.com/,,,,Republican Party,387.0,8.0,4.0,46.0,43,598,5,535,12,46,10179,1754,7.638139535,,,,,30.0,,,,,4.0,,,,1.0,74.0,43.0,,,,,,,,,,,,,,1.0,,,,,,,,,,1,0,0,0,1,0,0,0,0
Carrie Olinski,"Charlotte, North Carolina",https://ballotpedia.org/Carrie_Olinski,City Council,Legislative,City,,Lost,"280,718","24,921",0.089,https://carrieolinski.com,,,,Republican Party,1.0,,1.0,,1,5,0,2,3,0,0,0,206.84,1.0,1.0,1.0,,,,,,,,,,,,,,,,,,,,,,,,,,,,,,,,,,,,,1,0,0,0,1,0,0,0,0
Charlie Mulligan,"Charlotte, North Carolina",https://ballotpedia.org/Charlie_Mulligan,City Council,Legislative,City,,Lost,"280,718","24,619",0.088,https://charlieforthecity.com/,,,,Republican Party,3.0,2.0,5.0,10.0,10,33,0,16,7,10,1529,529,67.21222222,,,,,,,,,,,,,,,3.0,10.0,,,,,,,,,,,,,,,,,,,,,,,,0,0,0,0,0,0,0,0,0
Dante Anderson,"Charlotte, North Carolina",https://ballotpedia.org/Dante_Anderson,City Council,Legislative,City,,Won,"9,585","9,105",0.95,https://www.dante4charlotte.com/,votedanteclt,,,Democratic Party,3.0,1.0,1.0,,1,8,0,4,4,0,224,143,57.4,,1.0,1.0,,1.0,,,,,,,,,,,,,,,,,,,,,,,,,,,,,,,,,,,12,6,4,0,2,0,0,0,0
Mary Lineberger Barnett,"Charlotte, North Carolina",https://ballotpedia.org/Mary_Lineberger_Barnett,City Council,Legislative,City,,Lost,"8,462","1,512",0.179,https://mary4citycouncil.com/,MaryBarnett2022,,,Republican Party,,36.0,,1491.0,35,1991,126,58,109,1698,15669,2100,56.66485714,,19.0,35.0,206.0,,,1.0,,,,,,,126.0,,,,,,,,,,,19.0,,,,,,,57.0,,,,,1.0,,,18,7,0,0,3,0,0,0,8
James H. Bowers,"Charlotte, North Carolina",https://ballotpedia.org/James_H._Bowers,City Council,Legislative,City,,Lost,"6,457","1,465",0.227,https://jameshbowersforcitycouncil.com,,,,Republican Party,,,,,1,2,0,1,1,0,90,59,70.33,,,1.0,,1.0,,,,,,,,,,,,,,,,,,,,,,,,,,,,,,,,,,,73,14,0,0,7,0,0,0,52
Marjorie Molina,"Charlotte, North Carolina",https://ballotpedia.org/Marjorie_Molina,City Council,Legislative,City,,Won,"6,456","6,112",0.947,https://www.votemolina.com/,,,,Democratic Party,19.0,3.0,2.0,,4,37,1,31,5,0,667,279,55.12,,,,,12.0,,,1.0,,,,,,,,,,,,,,,,,,,,,,,,,,,,,,,,44,7,0,0,5,0,0,0,32
Tariq Bokhari,"Charlotte, North Carolina",https://ballotpedia.org/Tariq_Bokhari,City Council,Legislative,City,,Won,"19,325","9,851",0.51,https://tariqscottbokhari.com/,,,FinTechInnov8r,Republican Party,2.0,4.0,,134.0,5,156,4,2,4,146,2602,960,47.104,,,,12.0,,,,,,,,,,4.0,,,,,,,,,,,,,,,,,,,,,,,,,,10,7,0,0,3,0,0,0,0
Stephanie Hand,"Charlotte, North Carolina",https://ballotpedia.org/Stephanie_Hand,City Council,Legislative,City,,Lost,"19,325","9,474",0.49,https://www.stephaniehand.com/,hand4CLTdist6,,,Democratic Party,5.0,2.0,4.0,,4,36,1,25,8,2,993,384,27.575,,,2.0,,20.0,,,1.0,2.0,,,,,,,,,,,,,,,,,,,,,,,,,,,,,,,48,9,0,0,7,0,0,0,32
Edmund H. Driggs,"Charlotte, North Carolina",https://ballotpedia.org/Edmund_H._Driggs,City Council,Legislative,City,,Won,"10,157","9,021",0.888,https://eddriggs.com,,,,Republican Party,43.0,16.0,7.0,,19,126,2,63,61,0,4141,1066,44.11941176,,19.0,19.0,,16.0,,,,,,,,,,,,1.0,4.0,,,,,,,,,,,,,,,,,1.0,,,,,43,16,6,0,2,0,0,0,19
Marikay Abuzuaiter,"Greensboro, North Carolina",https://ballotpedia.org/Marikay_Abuzuaiter,City Council,Legislative,City,,Lost,"76,143","15,316",0.201,https://votemarikay.com/,abuzuaiter,,,Nonpartisan,17.0,1.0,6.0,,7,76,7,24,42,3,2332,710,38.33571429,,,7.0,3.0,7.0,,,,,,7.0,,,,,,,,,,,7.0,,,,7.0,7.0,7.0,,,,,,,,,,,,12,8,4,0,0,0,0,0,0
Hugh Holston,"Greensboro, North Carolina",https://ballotpedia.org/Hugh_Holston,City Council,Legislative,City,,Lost,"76,143","11,925",0.157,https://hughholston.com/,Hugh4GSO,,,Nonpartisan,,11.0,,439.0,6,574,57,3,17,497,3533,1003,21.89166667,,,6.0,58.0,2.0,,1.0,,,,,,,32.0,,,,,,,4.0,,,,,,,,,,,,,,21.0,,,,,21,9,2,0,5,0,0,0,5
Katie Rossabi,"Greensboro, North Carolina",https://ballotpedia.org/Katie_Rossabi,City Council,Legislative,City,,Lost,"76,143","11,371",0.149,https://www.katie4gcc.com/,,,,Nonpartisan,,,,,1,2,0,0,2,0,16,15,97.54,,1.0,1.0,,,,,,,,,,,,,,,,,,,,,,,,,,,,,,,,,,,,,0,0,0,0,0,0,0,0,0
Tracy Furman,"Greensboro, North Carolina",https://ballotpedia.org/Tracy_Furman,City Council,Legislative,City,,Lost,"76,143","9,069",0.119,https://www.electtracyfurman.com,tracyfurmangso,,,Nonpartisan,,,,,3,2,0,1,1,0,1081,454,-91.49333333,,,1.0,,1.0,,,,,,,,,,,,,,,,,,,,,,,,,,,,,,,,,,,45,8,0,0,7,0,0,0,30
Linda Wilson,"Greensboro, North Carolina",https://ballotpedia.org/Linda_Wilson,City Council,Legislative,City,,Lost,"76,143","8,756",0.115,https://wilson4citycouncil.com/,LindaWilsonGSO,,,Nonpartisan,,,,,1,2,0,0,2,0,24,23,65.39,,1.0,1.0,,,,,,,,,,,,,,,,,,,,,,,,,,,,,,,,,,,,,0,0,0,0,0,0,0,0,0
Cecile Crawford,"Greensboro, North Carolina",https://ballotpedia.org/Cecile_Crawford,City Council,Legislative,City,,Lost,"3,745","1,809",0.483,https://cecilecrawford.com/,CCforNC,,,Nonpartisan,5.0,,,,4,11,0,5,4,2,1657,662,59.93,,,4.0,2.0,,,,,,,,,,,,,,,,,,,,,,,,,,,,,,,,,,,,5,2,0,0,3,0,0,0,0
Zack Matheny,"Greensboro, North Carolina",https://ballotpedia.org/Zack_Matheny,City Council,Legislative,City,,Won,"8,685","7,419",0.854,https://mathenyforcouncil.com,,,,Nonpartisan,,1.0,,,1,14,1,0,1,12,123,87,46.51,,,,12.0,,,,1.0,,,,,,,,,,,,,,,,,,,,,,,,,,,,,,,,76,18,0,0,7,0,0,0,51
Nancy Hoffmann,"Greensboro, North Carolina",https://ballotpedia.org/Nancy_Hoffmann,City Council,Legislative,City,,Won,"8,432","5,446",0.646,https://votehoffmann.com/,,,,Nonpartisan,205.0,20.0,20.0,1.0,24,377,56,232,88,1,4351,834,64.52291667,,21.0,25.0,,34.0,,,38.0,,,6.0,,,2.0,,,,,,1.0,,,,,,25.0,,,,,1.0,,,,,,,,,28,14,7,0,3,0,0,0,4
Tammi Thurm,"Greensboro, North Carolina",https://ballotpedia.org/Tammi_Thurm,City Council,Legislative,City,,Won,"5,178","2,891",0.558,https://votethurm.com,VoteThurm,,,Nonpartisan,1.0,,,,1,3,0,1,2,0,30,27,78.25,,1.0,1.0,,,,,,,,,,,,,,,,,,,,,,,,,,,,,,,,,,,,,0,0,0,0,0,0,0,0,0
Tony Wilkins,"Greensboro, North Carolina",https://ballotpedia.org/Tony_Wilkins,City Council,Legislative,City,,Lost,"5,178","2,277",0.44,https://www.votetonywilkins.com/,,,,Nonpartisan,35.0,3.0,,1.0,5,91,36,41,13,1,1050,438,64.334,5.0,5.0,5.0,,1.0,,,5.0,,,,,,31.0,,,,,,,,,,,,,,,,,,,,,,,,,,4,2,0,0,2,0,0,0,0
Anne Franklin,"Raleigh, North Carolina",https://ballotpedia.org/Anne_Franklin,City council,Legislative,City,At-large,Lost,"259,008","38,395",0.148,https://www.annefranklinforraleigh.com/,,,,Nonpartisan,20.0,1.0,2.0,6.0,6,35,0,26,3,6,1841,689,58.255,,,,,,,,,,,,,,,,6.0,,,,,,,,,,,,,,,,,,,,,,,,20,9,0,0,3,0,0,0,8
James Bledsoe,"Raleigh, North Carolina",https://ballotpedia.org/James_Bledsoe,City council,Legislative,City,At-large,Lost,"259,008","30,966",0.12,https://www.electjamesbledsoe.com/,jamesgbledsoe1,,,Nonpartisan,55.0,22.0,,,25,154,26,55,72,1,6356,1032,11.3924,,25.0,25.0,,,,,23.0,1.0,,,,,3.0,,,,,,,,,,,,,,,,,,,,,,,,,,32,2,0,0,10,4,0,0,16
Portia Wilson Rochelle,"Raleigh, North Carolina",https://ballotpedia.org/Portia_Wilson_Rochelle,City council,Legislative,City,At-large,Lost,"259,008","24,849",0.096,https://rochelleforraleigh.com/,,,,Nonpartisan,1.0,2.0,1.0,6.0,3,23,8,1,7,7,637,309,64.0,,2.0,2.0,,,,,1.0,1.0,,,,,,,,,,,,,,,1.0,,,,,,,,,5.0,,1.0,,,,,42,8,6,0,15,0,0,0,13
Joshua Bradley,"Raleigh, North Carolina",https://ballotpedia.org/Joshua_Bradley,City council,Legislative,City,At-large,Lost,"259,008","17,780",0.069,https://bradleyforraleighworkers.com/,bradley4raleigh,,,Nonpartisan,,,1.0,,1,16,0,6,10,0,0,0,206.84,,1.0,1.0,,6.0,,,,,,,7.0,,,,,,,,,,,,,,,,,,,,,,,,,,,,32,13,5,2,3,0,0,0,9
Catherine Lawson,"Raleigh, North Carolina",https://ballotpedia.org/Catherine_Lawson,City council,Legislative,City,,Lost,"32,904","10,427",0.317,https://www.catlawson.com,catlawson,,,Nonpartisan,8.0,3.0,,,1,15,0,12,3,0,1451,638,40.92,,,,,4.0,,,,,,,,,,,,,,,,,,,,,,,,,,,,,,,,,,,46,14,2,0,7,0,0,0,23
Whitney Hill,"Raleigh, North Carolina",https://ballotpedia.org/Whitney_Hill,City council,Legislative,City,,Lost,"32,904","9,553",0.29,https://whitneyforraleigh.org/,,,,Nonpartisan,45.0,2.0,12.0,,28,307,50,45,70,142,14040,1503,67.07392857,,28.0,28.0,142.0,,,,22.0,,,,,,,,,,,,,,,,,,28.0,,,,,,,,,,,,,,44,12,2,0,6,0,0,0,24
Minu Lee,"Raleigh, North Carolina",https://ballotpedia.org/Minu_Lee,City council,Legislative,City,,Lost,"25,741","8,012",0.311,https://www.leeforraleigh.com/,LeeforRaleigh,,,Nonpartisan,133.0,1.0,14.0,,14,149,0,133,15,1,2905,800,44.45857143,,,,1.0,,,,,,,,,,,,,,,,,,,,,,,,,,,,,,,,,,,,48,13,0,0,5,0,0,0,30
Jeremiah Pierce,"Raleigh, North Carolina",https://ballotpedia.org/Jeremiah_Pierce,City council,Legislative,City,,Lost,"25,741","4,009",0.156,https://www.pierce4nc.com/,pierce4nc,,,Democratic Party,,,1.0,,1,5,0,2,3,0,0,0,206.84,1.0,1.0,1.0,,,,1.0,,,,,,,,,,,,,,,,,,,,,,,,,,,,,,,,,3,2,0,0,0,0,0,0,1
Frank Fields III,"Raleigh, North Carolina",https://ballotpedia.org/Frank_Fields_III,City council,Legislative,City,,Lost,"25,015","7,539",0.301,https://frankfieldsfordistrictc.com/,,,,Nonpartisan,134.0,14.0,14.0,3.0,39,718,71,297,102,248,5647,1146,65.44102564,4.0,31.0,35.0,245.0,140.0,1.0,8.0,36.0,,,8.0,,,,,,,,4.0,6.0,,,,,,35.0,,,,,,,,,,,,,,4,3,0,0,1,0,0,0,0
Wanda Hunter,"Raleigh, North Carolina",https://ballotpedia.org/Wanda_Hunter,City council,Legislative,City,,Lost,"25,015","6,232",0.249,http://www.wanda4raleigh.com/,wandaforraleigh,,,Nonpartisan,59.0,1.0,1.0,30.0,9,232,55,125,20,32,2101,768,57.82444444,9.0,9.0,9.0,1.0,56.0,,1.0,19.0,1.0,,,,,32.0,,,1.0,,,,,,,3.0,,,,,,,,,,,,,,,,19,2,0,0,1,0,0,1,15
Jennifer Truman,"Raleigh, North Carolina",https://ballotpedia.org/Jennifer_Truman,City council,Legislative,City,,Lost,"21,438","4,193",0.196,https://jennifertruman.com,jkp_truman,,,Nonpartisan,382.0,5.0,12.0,73.0,72,686,11,579,17,79,18238,2865,56.20875,,,,5.0,69.0,,1.0,1.0,1.0,1.0,,,,9.0,55.0,72.0,,,,,,,,,,,,,,,,,,,,,,,,11,6,0,0,3,0,0,0,2
Todd Kennedy,"Raleigh, North Carolina",https://ballotpedia.org/Todd_Kennedy,City council,Legislative,City,,Lost,"21,438","2,809",0.131,https://www.kennedyforraleigh.com/,Kennedy4Raleigh,,,Nonpartisan,26.0,1.0,2.0,,4,45,0,42,3,0,1990,688,57.0425,,,,,16.0,,,,,,,,,,,,,,,,,,,,,,,,,,,,,,,,,,,39,5,0,0,5,0,0,0,29
Rob Baumgart,"Raleigh, North Carolina",https://ballotpedia.org/Rob_Baumgart,City council,Legislative,City,,Lost,"21,438","2,319",0.108,https://robraleigh.com/,rob4raleigh,,,Nonpartisan,,2.0,,58.0,3,77,4,0,2,71,1160,507,48.18666667,,,,13.0,,,,,,,,,,4.0,,,,,,,,,,,,,,,,,,,,,,,,,,6,3,0,0,3,0,0,0,0
David Knight,"Raleigh, North Carolina",https://ballotpedia.org/David_Knight_(North_Carolina),City council,Legislative,City,,Lost,"32,577","15,880",0.487,https://www.knightforraleigh.com/,knightforral,,,Nonpartisan,66.0,,,24.0,6,102,0,74,4,24,2932,894,46.085,,,4.0,,6.0,,,,,,,,,,,,,,,,,,,,,,,,,2.0,,,,,,,,,,19,4,0,0,3,0,0,0,12
Christian Bengel,"Tulsa, Oklahoma",https://ballotpedia.org/Christian_Bengel,City council,Legislative,City,,Won,"7,735","3,951",0.511,https://bengel4tulsa.com,ChristianBenge2,,,Nonpartisan,1.0,2.0,,,1,3,0,1,2,0,365,225,38.08,,,,,,,,,,,,,,,,,,,,,,,,,,,,,,,,,,,,,,,,74,16,0,0,7,0,0,0,51
Connie Dodson,"Tulsa, Oklahoma",https://ballotpedia.org/Connie_Dodson,City council,Legislative,City,,Lost,"7,735","3,784",0.489,https://www.conniedodson.com/,,,,Nonpartisan,,,1.0,,1,4,0,2,2,0,0,0,206.84,1.0,1.0,,,,,,,,,,,,,,,,,1.0,,,,,,,,,,,,,,,,,,,,,2,0,0,0,2,0,0,0,0
Vanessa Hall-Harper,"Tulsa, Oklahoma",https://ballotpedia.org/Vanessa_Hall-Harper,City council,Legislative,City,,Won,"2,968","1,944",0.655,https://vote4vanessad1.com,,,,Nonpartisan,,7.0,,162.0,4,207,17,6,11,173,1300,492,36.685,,,4.0,11.0,6.0,,,,,,,,,17.0,,,,,,,,,,,,,,,,,,,,,,,,,,8,5,0,0,3,0,0,0,0
Jeannie Cue,"Tulsa, Oklahoma",https://ballotpedia.org/Jeannie_Cue,City council,Legislative,City,,Won,"2,692","1,950",0.724,http://www.cue4d2.com/,,,,Nonpartisan,,,1.0,,1,3,0,0,2,1,143,95,52.06,,1.0,,,,,,,,,,,,,,,,,,,,,,,,,,,,,,,,,,1.0,,,,10,7,0,0,3,0,0,0,0
Laura Bellis,"Tulsa, Oklahoma",https://ballotpedia.org/Laura_Bellis,City council,Legislative,City,,Won,"6,332","3,206",0.506,https://laurafortulsa.com/,,,,Nonpartisan,,10.0,,482.0,10,577,26,0,20,531,3948,1035,51.071,,,10.0,49.0,,,,,,,,,,26.0,,,,,,,,,,,,,,,,,,,,,,,,,,6,3,0,0,3,0,0,0,0
Michael Feamster,"Tulsa, Oklahoma",https://ballotpedia.org/Michael_Feamster,City council,Legislative,City,,Lost,"6,332","1,581",0.25,https://www.feamster4tulsa.com,,,,Nonpartisan,1.0,,1.0,,1,5,0,2,3,0,0,0,206.84,1.0,1.0,1.0,,,,,,,,,,,,,,,,,,,,,,,,,,,,,,,,,,,,,1,0,0,0,1,0,0,0,0
Bobby Orcutt,"Tulsa, Oklahoma",https://ballotpedia.org/Bobby_Orcutt,City council,Legislative,City,,Lost,"6,332",678,0.107,https://www.bobbydeanorcutt.com/,,,OrcuttBobby,Nonpartisan,,,1.0,,1,1,0,0,1,0,2,2,-6.7,,,,,,,,,,,,,,,,,,,,,,,,,,,,,,,,,,,,,,,,15,4,0,0,5,0,0,0,6
Michael Birkes,"Tulsa, Oklahoma",https://ballotpedia.org/Michael_Birkes,City council,Legislative,City,,Lost,"6,332",444,0.07,https://district4birkes.com/,,,,Nonpartisan,,1.0,1.0,1.0,1,3,0,0,2,1,581,290,53.14,,,,,,,,,,,,,,,,,,,,,,,,,,,,,,,,,,,,,,,,10,5,1,0,0,0,0,0,4
Phil Lakin,"Tulsa, Oklahoma","https://ballotpedia.org/Phil_Lakin,_Jr.",City council,Legislative,City,,Won,"7,504","5,391",0.718,http://www.lakinforcouncil.com/,,,,Nonpartisan,4.0,1.0,1.0,,1,13,2,7,4,0,63,43,77.74,,1.0,1.0,,3.0,,,1.0,,,,,,,,,,,,,,,,,,1.0,,,,,,,,,,,,,,29,9,1,0,4,0,0,0,15
Scott Houston,"Tulsa, Oklahoma",https://ballotpedia.org/Scott_Houston_(Oklahoma),City council,Legislative,City,,Lost,"7,504","2,113",0.282,https://scotthoustonfortulsa.com/,,,,Nonpartisan,2.0,,1.0,14.0,1,32,9,2,6,15,234,129,65.12,,1.0,1.0,1.0,,,,3.0,,,,3.0,,,,,1.0,,,,,,,,,,,,,,5.0,,,,,,,,,30,7,1,0,5,0,0,0,17
Chad Hotvedt,"Tulsa, Oklahoma",https://ballotpedia.org/Chad_Hotvedt,City council,Legislative,City,,Lost,"6,623","1,505",0.227,https://www.chadfortulsa.com,,,,Nonpartisan,1.0,,,,1,5,1,2,2,0,108,78,55.95,1.0,1.0,1.0,,,,,,,,,,,,,,,,,,,,,,,1.0,,,,,,,,,,,,,,2,0,0,0,2,0,0,0,0
Rene Gonzalez,"Portland, Oregon",https://ballotpedia.org/Rene_Gonzalez_(Oregon),City commission,Legislative,City,,Won,"237,409","127,029",0.535,https://www.reneforportland.com,reneforportland,,,Nonpartisan,,,1.0,9.0,1,15,4,0,2,9,274,187,60.04,,,1.0,,,,,1.0,,,,,,,,,,,,,3.0,,,,,,,,,,,,,,,,,,,69,13,3,0,14,4,0,0,35
Jo Ann Hardesty,"Portland, Oregon",https://ballotpedia.org/Jo_Ann_Hardesty,City commission,Legislative,City,,Lost,"237,409","109,620",0.462,https://www.joannforportland.com/,JH4PDX,,,Nonpartisan,197.0,9.0,6.0,159.0,71,824,217,358,87,162,48942,3869,34.88070423,,,71.0,3.0,16.0,,6.0,7.0,,1.0,,1.0,,,55.0,70.0,,,,,,,,,,,,,,4.0,,9.0,,,,,,210.0,,93,22,1,0,32,0,0,0,38
Linda Nishioka,"Salem, Oregon",https://ballotpedia.org/Linda_Nishioka,City Council,Legislative,City,,Won,"3,411","3,366",0.987,https://lindanishiokaforsalem.com/,,,,Nonpartisan,31.0,4.0,11.0,,13,110,8,46,41,15,925,349,180.6769231,11.0,13.0,13.0,6.0,2.0,,,6.0,9.0,,,,,,,,,2.0,,,,,,,,2.0,,,,,,,,,,,,,,2,2,0,0,0,0,0,0,0
Deanna Gwyn,"Salem, Oregon",https://ballotpedia.org/Deanna_Gwyn,City Council,Legislative,City,,Won,"7,620","3,947",0.518,https://deannagwyn.com/,,,,Nonpartisan,93.0,4.0,,,5,112,10,95,4,3,4105,981,39.664,,,,,,,,9.0,3.0,,,,,,,,1.0,2.0,,,,,,,,,,,,,,,,,,,,,,17,12,3,0,2,0,0,0,0
Dynee Medlock,"Salem, Oregon",https://ballotpedia.org/Dynee_Medlock,City Council,Legislative,City,,Lost,"7,620","3,637",0.477,https://medlockforsalem.com,MedlockForOR,,nidaba,Nonpartisan,,,,,1,3,1,2,0,0,125,91,65.39,,,,,2.0,,,,,,,,,1.0,,,,,,,,,,,,,,,,,,,,,,,,,,0,0,0,0,0,0,0,0,0
John Goncalves,"Providence, Rhode Island",https://ballotpedia.org/John_Goncalves,City Council,Legislative,City,,Won,"2,778","2,719",0.979,https://www.johnforward1.com/,,,,Democratic Party,314.0,,5.0,77.0,19,535,83,351,24,77,23868,3574,40.46555556,,,19.0,,11.0,,5.0,46.0,,,,,,14.0,1.0,,,,,,19.0,,,,,,,,,20.0,4.0,,,,,,,,,33,9,2,0,5,0,0,0,17
Helen Anthony,"Providence, Rhode Island",https://ballotpedia.org/Helen_Anthony,City Council,Legislative,City,,Won,"3,768","3,673",0.975,https://helenanthony.com/,councilhelen,,,Democratic Party,,5.0,2.0,,6,65,6,8,19,32,1602,539,-42.62,,6.0,6.0,30.0,2.0,,,,2.0,,,,,,,,,6.0,,,,,,,,6.0,,,,,,,,,,,,,,8,4,4,0,0,0,0,0,0
Susan R. Anderbois,"Providence, Rhode Island",https://ballotpedia.org/Susan_Anderbois,City Council,Legislative,City,,Won,"4,253","3,678",0.865,https://www.sueanderbois.com/,AnderBois,,,Democratic Party,2.0,44.0,1.0,,37,296,111,86,45,54,16617,2395,50.95810811,,,,,84.0,,,3.0,54.0,6.0,,,,,,,2.0,,,,54.0,,46.0,,,,,,,,,,,,,,,,,51,14,1,0,7,0,0,0,29
Justin M. Roias,"Providence, Rhode Island",https://ballotpedia.org/Justin_Roias,City Council,Legislative,City,,Won,"1,756","1,377",0.784,https://www.justinroias.com,justinroias,,,Democratic Party,,,3.0,,4,5,0,0,5,0,3365,1261,46.77,,,2.0,,,,,,,,,,,,,,,,,,,,,,,,,,,,,,,,,,,,,45,7,0,0,7,0,0,0,31
Jo-Ann Ryan,"Providence, Rhode Island",https://ballotpedia.org/Jo-Ann_Ryan,City Council,Legislative,City,,Won,"2,899","2,682",0.925,https://www.councilwomanjoannryan.com/,,,,Democratic Party,3551.0,75.0,,655.0,313,6645,15,4740,701,1189,88532,3790,45.31920128,,,320.0,226.0,1285.0,,,9.0,329.0,6.0,320.0,,,,,,,,,,,,,,,,,,,,,,,,,,,,,33,8,0,0,6,0,0,0,19
Juan Pichardo,"Providence, Rhode Island",https://ballotpedia.org/Juan_Pichardo,City Council,Legislative,City,,Won,"1,628",920,0.565,http://juanmpichardo.nationbuilder.com/,,,,Democratic Party,,,1.0,,1,3,0,0,3,0,14,14,89.75,,1.0,1.0,,,,,,,,,,,,,,,,,,,,,,,,,,,,,,,,,,,,,4,2,0,0,1,0,0,0,1
Rachel Miller,"Providence, Rhode Island",https://ballotpedia.org/Rachel_Miller,City Council,Legislative,City,,Won,"2,704","2,630",0.973,https://www.millerforward13.com/,,,,Democratic Party,114.0,5.0,1.0,24.0,7,167,1,132,10,24,2442,850,54.55428571,1.0,1.0,3.0,,,1.0,,,,,,,,,,13.0,,2.0,,,,,,,,1.0,,,,1.0,,,,,,,,,,15,4,0,0,3,0,0,0,8
Shelley Peterson,"Providence, Rhode Island",https://ballotpedia.org/Shelley_Peterson,City Council,Legislative,City,,Won,"1,667","1,589",0.953,https://www.shelleyforward14.com/,,,Shel1219,Democratic Party,8.0,1.0,1.0,,5,27,0,23,3,1,858,317,37.462,,,1.0,,15.0,,,,1.0,,,,,,,,,,,,,,,,,,,,,,,,,,,,,,,51,13,0,0,5,0,0,0,33
Joseph Day,"Nashville, Tennessee",https://ballotpedia.org/Joseph_Day,County Circuit Court Clerk,Judicial,County,,Won,"46,972","46,733",0.995,https://josephpday.com/,,,,Democratic Party,,,1.0,,1,4,0,1,3,0,24,21,100.44,,1.0,1.0,,,1.0,,,,,,,,,,,,,,,,,,,,,,,,,,,,,,,,,,1,0,0,0,0,0,0,0,1
Brenda Wynn,"Nashville, Tennessee",https://ballotpedia.org/Brenda_Wynn,County Clerk,Executive,County,,Won,"49,010","48,749",0.995,https://brendawynnforclerk.com,,,,Democratic Party,9.0,,1.0,,1,14,1,10,3,0,214,146,57.54,,1.0,1.0,,1.0,,,,,,,,,1.0,,,,,,,,,,,,,,,,,,,,,,,,,,4,0,3,0,0,0,0,0,1
Lonnell Matthews Jr.,"Nashville, Tennessee",https://ballotpedia.org/Lonnell_Matthews_Jr.,County Juvenile Court Clerk,Judicial,County,,Won,"47,751","47,498",0.995,http://lonnellmatthews.com/,,,,Democratic Party,32.0,,4.0,,5,70,9,42,19,0,1662,625,47.668,,5.0,5.0,,10.0,,,4.0,,,,,,,,,,,,,,,,,,5.0,,5.0,,,,,,,,,,,,2,0,0,0,2,0,0,0,0
Martesha Johnson,"Nashville, Tennessee",https://ballotpedia.org/Martesha_Johnson,County Public Defender,Judicial,County,,Won,"47,074","46,776",0.994,https://www.marteshajohnson.com/,,,,Democratic Party,1.0,,1.0,,1,5,0,2,3,0,0,0,206.84,1.0,1.0,1.0,,,,,,,,,,,,,,,,,,,,,,,,,,,,,,,,,,,,,1,0,0,0,1,0,0,0,0
Karen Johnson,"Nashville, Tennessee",https://ballotpedia.org/Karen_Johnson_(Tennessee),County Register of Deeds,Executive,County,,Won,"48,309","48,026",0.994,http://karenjohnson.org/,karenyjohnson,,,Democratic Party,6.0,,1.0,,1,10,0,9,1,0,169,112,69.41,,,,,3.0,,,,,,,,,,,,,,,,,,,,,,,,,,,,,,,,,,,44,10,0,0,5,0,0,0,29
Daron Hall,"Nashville, Tennessee",https://ballotpedia.org/Daron_Hall,County Sheriff,Executive,County,,Won,"50,524","50,143",0.992,https://daronhall.nationbuilder.com/,,,,Democratic Party,1305.0,136.0,132.0,138.0,208,3177,628,1865,544,140,34551,1639,62.15652174,138.0,138.0,138.0,1.0,417.0,,4.0,157.0,1.0,,,,,312.0,1.0,,1.0,,,,,,70.0,1.0,,70.0,,,,,17.0,,,,,,,,,33,6,0,0,8,0,0,0,19
Erica Gilmore,"Nashville, Tennessee",https://ballotpedia.org/Erica_Gilmore,County Trustee,Executive,County,,Won,"48,681","48,287",0.992,http://www.ericagilmore.com/,,,ericasgilmore,Democratic Party,73.0,,8.0,16.0,15,196,61,90,26,19,2959,874,25.87933333,8.0,9.0,9.0,1.0,8.0,,,19.0,2.0,,,,,8.0,1.0,,2.0,,,,,,6.0,2.0,,6.0,,,,,10.0,,7.0,,1.0,,,,,27,9,0,0,9,0,0,0,9
Sheila Calloway,"Nashville, Tennessee",https://ballotpedia.org/Sheila_Calloway,Judicial offices,Judicial,County,,Won,"47,824","47,559",0.994,https://sheilacallowayforjudge.com/,JuvenileSheila,,,Democratic Party,,,1.0,,1,4,0,2,2,0,0,0,206.84,1.0,1.0,,,,,,,,,,,,,,,,,1.0,,,,,,,,,,,,,,,,,,,,,0,0,0,0,0,0,0,0,0
Patricia Head Moskal,"Nashville, Tennessee",https://ballotpedia.org/Patricia_Head_Moskal,Judicial offices,Judicial,County,,Won,"46,997","46,647",0.993,https://www.friendsofpatmoskal.com/,MoskalforJudge,,,Nonpartisan,2.0,4.0,1.0,3.0,3,37,4,13,17,3,1268,380,52.12333333,,,2.0,,9.0,,2.0,2.0,,,3.0,7.0,,,,,,,,,,,,2.0,,,,,,,,,,,,,,,,42,9,0,0,10,0,0,0,23
Anne Martin,"Nashville, Tennessee",https://ballotpedia.org/Anne_Martin,Judicial offices,Judicial,County,,Won,"47,241","46,890",0.993,https://www.annemartinforjudge.com,ACMartin4Judge,,,Democratic Party,2.0,,,,1,8,2,4,2,0,60,41,73.68,1.0,1.0,1.0,,1.0,,,,,,,,,1.0,,,,,,,,,,,,1.0,,,,,,,,,,,,,,3,0,0,0,3,0,0,0,0
I'Ashea Myles,"Nashville, Tennessee",https://ballotpedia.org/I'Ashea_Myles,Judicial offices,Judicial,County,,Won,"48,366","46,732",0.966,https://www.mylesforjudge.com/,iasheamyles,,,Democratic Party,12.0,,2.0,,3,27,0,24,2,1,150,58,91.77333333,,,,1.0,12.0,,,,,,,,,,,,,,,,,,,,,,,,,,,,,,,,,,,49,13,0,0,8,0,0,0,28
Leroy Ellis,"Nashville, Tennessee",https://ballotpedia.org/Leroy_Johnny_Ellis,Judicial offices,Judicial,County,,Lost,"48,366",0,0.0,https://www.electjohnnyellis.com/,,,,Independent,2.0,,,,1,8,2,4,2,0,60,41,73.68,1.0,1.0,1.0,,1.0,,,,,,,,,1.0,,,,,,,,,,,,1.0,,,,,,,,,,,,,,3,0,0,0,3,0,0,0,0
Russell T. Perkins,"Nashville, Tennessee",https://ballotpedia.org/Russell_T._Perkins,Judicial offices,Judicial,County,,Won,"46,691","46,341",0.993,https://www.keepperkins.com/,keepperkins,,,Democratic Party,1.0,,1.0,,1,5,0,2,3,0,0,0,206.84,1.0,1.0,1.0,,,,,,,,,,,,,,,,,,,,,,,,,,,,,,,,,,,,,1,0,0,0,1,0,0,0,0
David Briley,"Nashville, Tennessee",https://ballotpedia.org/David_Briley,Judicial offices,Judicial,County,,Won,"51,039","49,874",0.977,https://www.davidbriley.com/,DavidBriley,,,Democratic Party,64.0,5.0,7.0,24.0,22,228,7,181,16,24,770,227,57.87181818,,,1.0,,82.0,,1.0,2.0,,,,3.0,,,12.0,22.0,1.0,,,,,,,2.0,,,,,,,,,2.0,,,,,,,27,10,0,0,8,0,0,0,9
Amanda McClendon,"Nashville, Tennessee",https://ballotpedia.org/Amanda_McClendon,Judicial offices,Judicial,County,,Won,"49,051","48,388",0.986,https://www.electamandamcclendon.com,,,,Democratic Party,1.0,,1.0,,1,5,0,2,3,0,0,0,206.84,1.0,1.0,1.0,,,,,,,,,,,,,,,,,,,,,,,,,,,,,,,,,,,,,1,0,0,0,1,0,0,0,0
Andra Hedrick,"Nashville, Tennessee",https://ballotpedia.org/Andra_Hedrick,Judicial offices,Judicial,County,,Won,"48,111","47,693",0.991,https://hedrickforprobatejudge.com/,hedrickforjudge,,AndraHedrick,Democratic Party,,3.0,2.0,2.0,2,13,4,0,7,2,1225,622,77.145,,,2.0,,,,,3.0,,,,,,,,,,,,,,,,,,,,,,,1.0,,,,,,,,,35,7,2,0,4,0,0,0,22
Lynne Ingram,"Nashville, Tennessee",https://ballotpedia.org/Lynne_Ingram,Judicial offices,Judicial,County,,Won,"47,586","47,182",0.992,https://www.lynneingramforjudge.com,,,IngramForJudge,Democratic Party,1.0,,1.0,,1,5,0,2,3,0,0,0,206.84,1.0,1.0,1.0,,,,,,,,,,,,,,,,,,,,,,,,,,,,,,,,,,,,,1,0,0,0,1,0,0,0,0
Jennifer Smith,"Nashville, Tennessee",https://ballotpedia.org/Jennifer_Smith_(Tennessee),Judicial offices,Judicial,County,,Won,"46,636","46,332",0.993,https://www.judgejennifersmith.com/,,,,Nonpartisan,1.0,,1.0,,1,5,0,2,3,0,0,0,206.84,1.0,1.0,1.0,,,,,,,,,,,,,,,,,,,,,,,,,,,,,,,,,,,,,1,0,0,0,1,0,0,0,0
Khadija Babb,"Nashville, Tennessee",https://ballotpedia.org/Khadija_Babb,Judicial offices,Judicial,County,,Won,"47,082","46,674",0.991,https://www.babbforjudge.com/,,,Lets_Brand,Democratic Party,2.0,,,,1,7,1,4,2,0,30,23,35.95,,1.0,1.0,,,,2.0,,,,,,,,,,,,,,,,,,,1.0,,,,,,,,,,,,,,0,0,0,0,0,0,0,0,0
Cynthia Chappell,"Nashville, Tennessee",https://ballotpedia.org/Cynthia_Chappell,Judicial offices,Judicial,County,,Won,"46,710","46,399",0.993,https://www.cindychappell.com/,,,,Democratic Party,1.0,,1.0,,1,5,0,2,3,0,0,0,206.84,1.0,1.0,1.0,,,,,,,,,,,,,,,,,,,,,,,,,,,,,,,,,,,,,1,0,0,0,1,0,0,0,0
Ana Escobar,"Nashville, Tennessee",https://ballotpedia.org/Ana_Escobar,Judicial offices,Judicial,County,,Won,"47,261","46,983",0.994,https://anaescobarforjudge.com,escobarforjudge,,,Democratic Party,11.0,2.0,,46.0,1,93,11,32,3,47,505,246,20.49,,,1.0,1.0,19.0,,,1.0,,,,,1.0,,,,,,,,1.0,,,,,,,,,,,,,2.0,6.0,,,,2.0,34,4,4,0,4,0,0,0,22
Allegra Walker,"Nashville, Tennessee",https://ballotpedia.org/Allegra_Walker,Judicial offices,Judicial,County,,Won,"46,704","46,431",0.994,https://www.reelectallegra.com/,,,,Democratic Party,2.0,,,,1,8,2,4,2,0,60,41,73.68,1.0,1.0,1.0,,1.0,,,,,,,,,1.0,,,,,,,,,,,,1.0,,,,,,,,,,,,,,3,0,0,0,3,0,0,0,0
Lynda Jones,"Nashville, Tennessee",https://ballotpedia.org/Lynda_Jones,Judicial offices,Judicial,County,,Won,"57,870","41,209",0.712,http://www.reelectlyndajones.com/,,,lyndajonesjudge,Democratic Party,4.0,,5.0,105.0,6,186,34,24,23,105,2702,599,26.71,,,6.0,,20.0,,,,,,6.0,,,28.0,,,,,,,,,,,,,,6.0,,,,,,,,,,,6.0,28,9,3,0,2,0,0,0,14
Brian Horowitz,"Nashville, Tennessee",https://ballotpedia.org/Brian_Horowitz,Judicial offices,Judicial,County,,Lost,"57,870","16,661",0.288,https://www.electbrianhorowitz.com,,,,Republican Party,,,1.0,2.0,1,18,12,2,2,2,475,255,62.07,,,1.0,,2.0,,,9.0,,,,,,3.0,,,,,,,,,,,,,,,,,,,,,,,,,,8,5,3,0,0,0,0,0,0
Robin Kimbrough Hayes,"Nashville, Tennessee",https://ballotpedia.org/Robin_Kimbrough_Hayes,Judicial offices,Judicial,County,,Won,"47,435","47,151",0.994,https://kimbroughhayes.com,robinforjudge,,,Democratic Party,13.0,,7.0,16.0,16,142,6,78,39,19,3646,970,25.263125,,,16.0,,48.0,,17.0,1.0,3.0,,16.0,,,5.0,,,,,,,,,,,,,,,,,,,,,,,,,,64,22,2,0,8,0,1,0,31
Marcus Floyd,"Nashville, Tennessee",https://ballotpedia.org/Marcus_Floyd,Judicial offices,Judicial,County,,Won,"46,518","46,273",0.995,https://www.marcusfloydforjudge.com/,floydslaw,,,Democratic Party,1.0,,1.0,,1,5,0,2,3,0,0,0,206.84,1.0,1.0,1.0,,,,,,,,,,,,,,,,,,,,,,,,,,,,,,,,,,,,,1,0,0,0,1,0,0,0,0
Rachel Bell,"Nashville, Tennessee",https://ballotpedia.org/Rachel_Bell,Judicial offices,Judicial,County,,Won,"46,796","46,293",0.989,https://www.judgerachelbell.com,judgerachelbell,,,Democratic Party,81.0,15.0,16.0,1.0,18,218,5,178,32,3,4702,1077,56.39388889,,,1.0,1.0,97.0,,,4.0,1.0,,,,,1.0,,,,,,,,,,,,,,,,,,,,,,,,,,70,17,2,0,7,0,0,0,44
Daniela Silva,"Austin, Texas",https://ballotpedia.org/Daniela_Silva,City council,Legislative,City,,Lost,"6,279","2,915",0.464,https://danielaforaustin.com/,danielaforatx,,,Nonpartisan,25.0,9.0,,,5,98,15,48,27,8,587,235,65.966,,5.0,5.0,8.0,17.0,,,15.0,,,4.0,,,,2.0,,,4.0,,,,4.0,,,,,,,,,,,,,,,,,,23,7,4,0,2,0,0,0,10
Jose Vela,"Austin, Texas",https://ballotpedia.org/Jose_Vela,City council,Legislative,City,District 4,Won,"3,614","2,141",0.592,https://chitovela.com,,,chitovela3,Nonpartisan,3.0,,1.0,,1,5,0,3,2,0,827,433,51.07,,,1.0,,,,,,,,,,,,,,,,,,,,,,,,,,,,,,,,,,,,,40,9,0,0,8,0,0,0,23
Monica Guzman,"Austin, Texas",https://ballotpedia.org/Monica_A._Guzman,City council,Legislative,City,District 4,Lost,"3,614",497,0.138,https://www.monicaford4.com/,,,,Nonpartisan,1.0,,1.0,,1,5,0,2,3,0,0,0,206.84,1.0,1.0,1.0,,,,,,,,,,,,,,,,,,,,,,,,,,,,,,,,,,,,,1,0,0,0,1,0,0,0,0
Mike Pusley,"Corpus Christi, Texas",https://ballotpedia.org/Mike_Pusley,City council,Legislative,City,,Won,"151,570","30,280",0.2,http://www.mikepusley.com/,,,,Nonpartisan,1.0,1.0,,3.0,1,19,4,11,1,3,288,190,55.58,,,,,,,,4.0,,,,,,,,10.0,,,,,,,,,,,,,,,,,,,,,,,,48,11,4,0,4,0,0,0,29
Tara Wilson,"Fort Worth, Texas",https://ballotpedia.org/Tara_Wilson,City Council,Legislative,City,,Lost,"5,103","1,556",0.305,https://www.votetarawilson.com,votetarawilson,,,Nonpartisan,12.0,1.0,3.0,,6,39,4,30,5,0,1192,433,54.29166667,,,1.0,,18.0,,,3.0,,,,,,,,,1.0,,,,,,,,,,,,,,,,,,,,,,,48,11,0,0,7,0,0,0,30
Margaret Lucht,"Garland, Texas",https://ballotpedia.org/Margaret_Lucht,City council,Legislative,City,,Won,431,273,0.633,https://margaretlucht.com/,,,,Nonpartisan,,8.0,4.0,8.0,7,38,0,11,12,15,1143,493,33.94714286,,,,,3.0,,1.0,,7.0,,,,,,,7.0,,,,,,,,,,,,,,,,,,,,,,,,27,11,2,0,5,0,0,0,9
Deborah Morris,"Garland, Texas",https://ballotpedia.org/Deborah_Morris,City council,Legislative,City,,Won,553,386,0.698,https://deborahmorristx.com,,,,Nonpartisan,,7.0,8.0,653.0,17,865,101,7,19,738,9253,2214,36.00588235,,2.0,,85.0,1.0,,,,,,,,,96.0,,,,,,,5.0,,,,2.0,,,,,,,6.0,,,,,,,,10,3,0,0,3,0,0,0,4
Koni Ramos-Kaiwi,"Garland, Texas",https://ballotpedia.org/Koni_Ramos-Kaiwi,City council,Legislative,City,,Lost,553,103,0.186,https://www.koniforcouncil.com,,,,Nonpartisan,1.0,9.0,,20.0,6,71,10,20,15,26,1104,462,55.39666667,6.0,,6.0,,12.0,,1.0,,6.0,,,,,10.0,,,,,,,,,,,,,,,,,,,,,,,,,,24,2,0,0,6,0,0,0,16
Piper Madland,"Houston, Texas",https://ballotpedia.org/Piper_Madland,City Council,Legislative,City,,Lost,"8,451","2,517",0.298,https://www.pipermadland.com/,PiperDistrictG,,,Nonpartisan,2.0,,,,1,8,2,4,2,0,60,41,73.68,1.0,1.0,1.0,,1.0,,,,,,,,,1.0,,,,,,,,,,,,1.0,,,,,,,,,,,,,,3,0,0,0,3,0,0,0,0
Christy Martinez,"Lubbock, Texas",https://ballotpedia.org/Christy_Martinez,City council,Legislative,City,District 1,Won,"1,461",960,0.657,https://www.christymartinezfordist1.com/,ChristyForDist1,,,Nonpartisan,26.0,4.0,6.0,1.0,6,80,8,32,11,29,2949,1163,49.88166667,,,1.0,4.0,6.0,,,7.0,,,,,,1.0,,,,,,,,,,,,,,,,,,,,,,,24.0,,,109,23,0,0,12,0,0,0,74
Gene Leon,"Montpelier, Vermont",https://ballotpedia.org/Gene_Leon,Regular city council elections,Legislative,City,District 1,Lost,"7,633",590,0.077,https://geneforhouse.com/,,,,Republican Party,98.0,9.0,2.0,18.0,20,167,4,112,32,19,7879,1533,49.248,,1.0,20.0,1.0,6.0,,2.0,,,,,,,,,,,6.0,,,,,,,,2.0,,,,,,,,,2.0,,,,,26,1,3,0,0,0,0,0,22
John de Triquet,"Chesapeake, Virginia",https://ballotpedia.org/John_de_Triquet,City Council,Legislative,City,,Won,"359,988","41,198",0.114,https://johndetriquet.com,,,,Nonpartisan,,1.0,,12.0,6,13,0,0,1,12,1512,533,62.635,,,,,,,,,,,,,,,,,,,,,,,,,,,,,,,,,,,,,,,,12,1,3,0,0,0,0,0,8
Ella Ward,"Chesapeake, Virginia",https://ballotpedia.org/Ella_Ward,City Council,Legislative,City,,Won,"359,988","38,984",0.108,https://www.voteforellaward.com/,,,,Nonpartisan,428.0,119.0,122.0,239.0,178,2063,248,856,718,241,11146,629,67.63146067,54.0,177.0,178.0,,374.0,,,127.0,2.0,,,,,120.0,,,1.0,,,,,,,,122.0,,,,,,,,,,,,,,,0,0,0,0,0,0,0,0,0
Daniel Whitaker,"Chesapeake, Virginia",https://ballotpedia.org/Daniel_Whitaker,City Council,Legislative,City,,Won,"359,988","37,807",0.105,https://votedanielwhitaker.com/,,,,Nonpartisan,16.0,6.0,1.0,39.0,8,164,1,69,55,39,1500,442,61.00375,,7.0,8.0,,12.0,,1.0,,,,8.0,,,1.0,,,,,,,,2.0,,,7.0,,8.0,8.0,,,,40.0,,,,,,,,0,0,0,0,0,0,0,0,0
Amanda Newins,"Chesapeake, Virginia",https://ballotpedia.org/Amanda_Newins,City Council,Legislative,City,,Won,"359,988","36,960",0.103,https://www.amandanewins.com/,,,,Nonpartisan,15.0,5.0,6.0,14.0,7,61,14,22,11,14,1116,472,62.66714286,,,,,,,,14.0,,,,,,,,7.0,,,,,,,,,,,,,,,,,,,,,,,,17,5,0,0,4,0,0,0,8
N. Baxter Ennis,"Chesapeake, Virginia",https://ballotpedia.org/N._Baxter_Ennis,City Council,Legislative,City,,Lost,"359,988","34,499",0.096,https://baxterennis.com,,,,Nonpartisan,19.0,10.0,3.0,6.0,6,50,2,21,21,6,2932,802,58.99333333,,4.0,4.0,,2.0,,,,,,,,,,,,2.0,,,,,,,,,,,,,,,,,,,,,,,17,11,4,0,2,0,0,0,0
Patricia King,"Chesapeake, Virginia",https://ballotpedia.org/Patricia_King,City Council,Legislative,City,,Lost,"359,988","34,068",0.095,https://patkingforchesapeake.com/,,,,Nonpartisan,,,1.0,,7,27,11,1,15,0,1640,614,34.66714286,,7.0,7.0,,,1.0,,,,,,,,11.0,,,,,,,,,,,,,,,,,,,,,,,,,,0,0,0,0,0,0,0,0,0
Les Smith Jr.,"Chesapeake, Virginia",https://ballotpedia.org/Les_Smith_Jr.,City Council,Legislative,City,,Lost,"359,988","33,647",0.093,https://lessmithforoffice.com/,,,,Nonpartisan,,14.0,6.0,1104.0,20,1322,121,3,28,1170,1372,363,66.75117647,1.0,1.0,7.0,61.0,,,1.0,5.0,5.0,,,,,93.0,,,,,1.0,,23.0,,,,,,,,,,,,,,,,,,,25,8,0,0,5,0,0,0,12
Santiera Brown-Yearling,"Chesapeake, Virginia",https://ballotpedia.org/Santiera_Brown-Yearling,City Council,Legislative,City,,Lost,"359,988","28,280",0.079,https://www.brownyearling.com,,,,Nonpartisan,,,7.0,,7,7,0,0,7,0,3293,1187,11.63,,,,,,,,,,,,,,,,,,,,,,,,,,,,,,,,,,,,,,,,81,15,0,0,7,0,0,0,59
B.D. Knowles,"Chesapeake, Virginia",https://ballotpedia.org/B.D._Knowles,City Council,Legislative,City,,Lost,"359,988","5,947",0.017,https://bdknowles.com/,,,,Nonpartisan,,13.0,,338.0,6,426,37,0,19,370,1258,394,71.63,,,6.0,32.0,,,,,,,,,,28.0,,,,,,,5.0,,,,,,,,,,,,,,4.0,,,,,8,3,0,0,5,0,0,0,0
Brian Economy,"Chesapeake, Virginia",https://ballotpedia.org/Brian_Economy,City Council,Legislative,City,,Lost,"359,988","4,887",0.014,https://independentcouncilman.com,,,,Nonpartisan,,4.0,,55.0,3,74,5,0,7,62,430,214,38.9,,,3.0,7.0,,,,,,,,,,4.0,,,,,,,1.0,,,,,,,,,,,,,,,,,,,5,2,0,0,3,0,0,0,0
Rocky Holcomb,"Virginia Beach, Virginia",https://ballotpedia.org/Rocky_Holcomb,City Council,Legislative,City,,Won,"17,633","9,968",0.565,http://rockyholcomb.com/,,,,Nonpartisan,,,1.0,,1,3,0,1,2,0,0,0,206.84,,1.0,,,,,,,,,,,,,,,,,1.0,,,,,,,,,,,,,,,,,,,,,11,1,0,0,8,0,0,0,2
Matthias Telkamp,"Virginia Beach, Virginia",https://ballotpedia.org/Matthias_Telkamp,City Council,Legislative,City,,Lost,"19,210","1,087",0.057,https://mptelkamp.com/,mptelkamp,,,Nonpartisan,,2.0,,38.0,1,53,3,3,4,43,627,304,58.72,,,1.0,5.0,,,3.0,,,,,,,3.0,,,,,,,,1.0,,,,,,,,,,,,,,,,,,54,15,2,0,19,0,0,0,18
John Moss,"Virginia Beach, Virginia",https://ballotpedia.org/John_D._Moss,City Council,Legislative,City,,Lost,"16,591","5,640",0.34,http://councilmanjohnmoss.com/,,,,Nonpartisan,,,1.0,,1,3,0,1,2,0,0,0,206.84,,1.0,,,,,,,,,,,,,,,,,1.0,,,,,,,,,,,,,,,,,,,,,12,1,0,0,8,0,0,0,3
Justin Williams,"Charleston, West Virginia",https://ballotpedia.org/Justin_Williams_(West_Virginia),City Council,Legislative,City,,Lost,801,372,0.464,https://justin4council.com,,,,Democratic Party,55.0,1.0,1.0,,6,84,0,70,14,0,786,270,44.66666667,,6.0,6.0,,15.0,,,,,,,,,,,,,,,,,,,,,,,,,,,,,,,,,,,13,8,3,0,2,0,0,0,0
Ashley Seaton Switzer,"Charleston, West Virginia",https://ballotpedia.org/Ashley_Seaton_Switzer,City Council,Legislative,City,,Lost,"1,030",403,0.391,https://www.ashleyswitzer.com,AshleySwitzer,,,Republican Party,12.0,4.0,4.0,,4,28,0,20,8,0,172,55,68.625,,,,,8.0,,,,,,,,,,,,,,,,,,,,,,,,,,,,,,,,,,,45,8,0,0,7,0,0,0,30
Harper Gardner,"Charleston, West Virginia",https://ballotpedia.org/Harper_Gardner,City Council,Legislative,City,,Lost,"1,119",508,0.454,https://voteharpergardner.com,,,,Republican Party,,,1.0,,1,18,7,8,3,0,11,11,-66.6,1.0,1.0,1.0,,6.0,1.0,,,,,,,,7.0,,,,,,,,,,,,,,,,,,,,,,,,,,0,0,0,0,0,0,0,0,0
Joey Spano,"Charleston, West Virginia",https://ballotpedia.org/Joey_Spano_(West_Virginia),City Council,Legislative,City,,Lost,780,310,0.397,https://joeyspano.com,,,,Republican Party,,1.0,,1.0,1,5,2,1,1,1,722,320,61.46,,,,,,,,1.0,,1.0,,,,,,1.0,,,,,,,,,,,,,,,,,,,,,,,,21,9,0,0,4,0,0,0,8
Mark Chambers Jr.,"Milwaukee, Wisconsin",https://ballotpedia.org/Mark_Chambers_Jr.,City Council,Legislative,City,District 2,Won,"7,806","6,011",0.77,https://markchambersjr.com/,,,,Nonpartisan,,6.0,,160.0,6,195,8,0,12,175,1315,436,55.24333333,,,6.0,14.0,,,,2.0,1.0,,,,,6.0,,,,,,,,,,,,,,,,,,,,,,,,,,7,4,0,0,3,0,0,0,0
Jerel Ballard,"Milwaukee, Wisconsin",https://ballotpedia.org/Jerel_Ballard,City Council,Legislative,City,District 2,Lost,"7,806","1,795",0.23,https://www.jerelballard.com,JerelBallard,,,Nonpartisan,107.0,2.0,1.0,12.0,12,155,12,128,3,12,2452,549,44.553,,,,,6.0,,2.0,12.0,,,,,,,1.0,12.0,,,,,,,,,,,,,,,,,,,,,,,,27,13,0,0,3,0,0,0,11
Jonathan Brostoff,"Milwaukee, Wisconsin",https://ballotpedia.org/Jonathan_Brostoff,City Council,Legislative,City,District 3,Won,"14,523","14,240",0.981,https://teambrostoff.com/,,,,Nonpartisan,,5.0,,201.0,7,238,8,0,12,218,1599,662,27.83571429,,,,17.0,,,,,,,,,,6.0,,,,,,,2.0,7.0,,,,,,,,,,,,,,,,,,6,3,0,0,3,0,0,0,0
