Library,Location,Homepage,Catalog,Current Automation System Name,Current Automation System Year,Previous Automation System Name,Previous Automation System Year,Previous Automation System_1 Name,Previous Automation System_1 Year,Previous Automation System_2 Name,Previous Automation System_2 Year,Discovery Interface Name,Discovery Interface Year,Previous Discovery Interface Name,Previous Discovery Interface Year,Previous Automation System_3 Name,Previous Automation System_3 Year,Federated search product Name,Federated search product Year,Web Content Management Name,Web Content Management Year,Item ID Type Name,Item ID Type Year,RFID Provider Name,RFID Provider Year,Catalog Enhancement Name,Catalog Enhancement Year,Discovery Service (w/index) Name,Discovery Service (w/index) Year,Self-Check Name,Self-Check Year,RFID Tag Type Name,RFID Tag Type Year,Digital Asset Management Name,Digital Asset Management Year,OpenURL Link resolver Name,OpenURL Link resolver Year,Electronic Resource Management Name,Electronic Resource Management Year,Automated Materials Handling Name,Automated Materials Handling Year,Institutional Repository Name,Institutional Repository Year,RFID Tag Vendor Name,RFID Tag Vendor Year,Archives Management Name,Archives Management Year,Previous Discovery Index Name,Previous Discovery Index Year,Previous Link resolver Name,Previous Link resolver Year,number_of_total_trackers_homepage,behaviour_event_listeners_homepage,canvas_fingerprinters_homepage,canvas_font_fingerprinters_homepage,cookies_homepage,fb_pixel_events_homepage,key_logging_homepage,session_recorders_homepage,third_party_trackers_homepage,google_homepage,google_analytics_homepage,facebook_homepage,number_of_total_trackers_catalog,behaviour_event_listeners_catalog,canvas_fingerprinters_catalog,canvas_font_fingerprinters_catalog,cookies_catalog,fb_pixel_events_catalog,key_logging_catalog,session_recorders_catalog,third_party_trackers_catalog,google_catalog,google_analytics_catalog,facebook_catalog,number_of_total_trackers,County/City,State
Alameda County Library,"Alameda County, CA",https://aclibrary.org/,https://aclibrary.bibliocommons.com/,Sierra,2013,Millennium,2003,Innopac,1993,PLUS,1975,BiblioCore,2019,Encore,2010,,,,,,,,,,,,,,,,,,,,,,,,,,,,,,,,,,,,,114,18,6,0,22,0,0,0,68,36,24,0,66,11,0,0,15,0,0,0,40,32,20,0,180,Alameda County,CA
Albany Public Library,"Albany, NY",https://www.albanypubliclibrary.org/,http://vufind.uhls.org/vufind/,Sierra,2014,Horizon,2003,DRA,1996,None,,VuFind,2012,AquaBrowser Library,,,,,,,,,,,,,,,,,,,,,,,,,,,,,,,,,,,,,,54,6,4,0,9,4,0,2,33,20,16,4,0,0,0,0,0,0,0,0,0,0,0,0,54,Albany,NY
Albuquerque Bernalillo County Library System,"Albuquerque -- Bernalillo County, NM",https://abqlibrary.org/home,http://albuq.cabq.gov,Symphony,2022,Sierra,2011,Millennium,2001,Innopac,1997,Encore,,,,GLIS,1985,Research Pro,,,,,,,,,,,,,,,,,,,,,,,,,,,,,,,,,,22,7,0,0,6,0,0,0,9,8,8,0,12,0,0,0,9,0,0,0,3,2,2,0,34,Albuquerque -- Bernalillo County,NM
Alexandria Library,"Alexandria, VA",https://alexlibraryva.org/,https://alxndria.ent.sirsi.net/client/en_US/home,Symphony,2009,Horizon,2005,Advance,1995,GLIS,1980,Enterprise,,,,,,,,Communico,,Barcode,,Techlogic,,,,,,,,,,,,,,,,,,,,,,,,,,,,69,15,2,0,16,0,0,0,36,31,25,0,17,1,0,0,10,0,0,0,6,3,3,0,86,Alexandria,VA
Allen County Public Library,"Allen County, IN",https://acpl.lib.in.us/,http://webcat.acpl.lib.in.us/uhtbin/cgisirsi/x/0/0/49,OCLC Wise,2018,Symphony,1998,PLUS,1989,None,,,,,,,,,,,,,,,,LibraryThing for Libraries,,,,,,,,,,,,,,,,,,,,,,,,,,56,10,0,0,13,0,0,0,33,31,19,0,0,0,0,0,0,0,0,0,0,0,0,0,56,Allen County,IN
Anchorage Public Library,"Anchorage, AK",https://www.anchoragelibrary.org/,http://jlc-web.uaa.alaska.edu/client/apl,Symphony,2004,DRA,1996,GLIS,1984,,,Enterprise,,,,,,,,,,,,Bibliotheca,,,,,,,,,,,,,,,,,,,,,,,,,,,,20,4,0,0,3,0,0,0,13,12,8,0,10,1,0,0,6,0,0,0,3,2,2,0,30,Anchorage Public Library,AK
Anne Arundel County Public Library,"Anne Arundel County, MD",https://www.aacpl.net/,https://catalog.aacpl.net,Symphony,2003,DRA,1995,,,,,VuFind -- Pika,2017,Enterprise,2012,,,,,,,Barcode,,,,,,EBSCO Discovery Service,2018,Meescan Inc.,,,,,,,,,,,,,,,,,,,,,,80,6,0,0,11,0,0,0,63,12,8,0,31,4,0,0,7,0,0,0,20,18,14,0,111,Anne Arundel County,MD
Arapahoe Library District,"Arapahoe County, CO",https://arapahoelibraries.org/,http://aspen.ald.lib.co.us/,Sierra,2011,Millennium,2001,Innopac,1997,GLIS,1991,BiblioCore,2016,,,None,,,,BiblioWeb,,,,,,,,,,,,,,,,,,,,,,,,,,,,,,,,101,16,4,0,22,0,0,0,59,41,28,0,8,0,0,0,8,0,0,0,0,0,0,0,109,Arapahoe County,CO
Arlington Heights Memorial  Library,"Arlington Heights, IL",https://www.ahml.info/,,Sierra,2016,Millennium,2001,Innopac,1991,CLSI,1976,SOPAC,2011,,,None,,,,Drupal,,Barcode,,,,LibraryThing for Libraries,,,,Express Lane,,,,,,,,,,,,,,,,,,,,,,17,2,0,0,3,0,0,0,12,12,8,0,,,,,,,,,,,,,17,Arlington Heights,IL
Arlington County Public Library,"Arlington, VA",https://library.arlingtonva.us/,https://libcat.arlingtonva.us/,Koha -- ByWater Solutions,2019,Sierra,2011,Millennium,2010,Carl.X,2004,Aspen Discovery -- ByWater Solutions,2020,VuFind -- Pika,2015,NOTIS,1984,,,WordPress,,,,,,,,,,Express Lane,,,,,,,,,,,,,,,,,,,,,,53,18,2,0,17,0,0,0,16,12,12,0,28,4,0,0,12,0,0,0,12,12,12,0,81,Arlington,VA
Atlanta-Fulton Public Library,"Atlanta - Fulton County, GA",https://www.fulcolibrary.org/,https://afpls.bibliocommons.com/search,Symphony,2003,Carl,1993,UTLAS,1985,,,BiblioCore,2019,,,,,,,,,RFID,,,,,,,,,,HF,,,,,,,,,,,,,,,,,,,,109,24,8,0,23,0,0,0,54,40,22,0,6,0,0,0,6,0,0,0,0,0,0,0,115,Atlanta - Fulton County,GA
Aurora Public Library,"Aurora, CO",https://www.auroragov.org/things_to_do/aurora_public_library,http://odyssey.aurora.lib.co.us/search/,Sierra,2016,Millennium,1999,Innopac,1999,PLUS,1979,VuFind -- Pika,2018,,,,,,,,,Barcode,,,,LibraryThing for Libraries,,,,,,HF,,,,,,,,,,,,,,,,,,,,69,5,0,0,9,0,0,0,55,45,25,0,39,1,0,0,13,0,0,0,25,25,21,0,108,Aurora,CO
Baltimore County Public Library,"Baltimore County, MD",https://www.bcpl.info/index.html,http://catalog.bcpl.lib.md.us/polaris/,Polaris,2009,Carl,1993,CLSI,1975,None,,,,AquaBrowser Library,,,,,,,,RFID,,,,,,,,,,HF,,,,,,,,,,,,,,,,,,,,87,11,0,0,27,0,0,0,49,23,10,0,58,11,0,0,14,0,0,0,33,27,19,0,145,Baltimore County,MD
Enoch Pratt Free Library,"Baltimore, MD",https://www.prattlibrary.org/,http://catalog.prattlibrary.org/client/en_US/default/,Symphony,1997,,,,,,,,,,,,,,,,,Barcode,,,,,,,,,,,,,,,,,,,,,,,,,,,,,,85,10,0,0,15,0,0,2,58,52,32,0,12,5,0,0,4,0,0,0,3,3,2,0,97,Baltimore,MD
Birmingham Public Library,"Birmingham, AL",http://www.bham.lib.al.us/,https://jeffa.na.iiivega.com/,Sierra,2013,Millennium,2000,Innopac,1996,CLSI,1981,Vega Discover,2021,Encore,2008,,,,,,,Barcode,,,,,,,,Express Lane,,,,CONTENTdm,,,,,,,,,,,,,,,,,,28,4,0,0,6,0,0,1,17,12,8,0,27,13,0,0,7,0,0,0,7,2,0,0,55,Birmingham,AL
Boston Public Library,"Boston, MA",https://www.bpl.org/,https://bpl.bibliocommons.com/,Polaris,2012,Horizon,2001,DRA,1989,,,BiblioCore,2010,,,,,WebFeat PRISM,,,,Barcode,,,,,,None,,,,,,DigiTool,,Article Linker,,360 Resource Manager,,,,,,,,,,,,,,79,15,4,0,21,0,0,0,39,39,27,0,71,14,0,0,14,0,0,0,43,35,23,0,150,Boston,MA
Bridgeport Public Library,"Bridgeport, CT",https://bportlibrary.org/,http://bridgeport.biblio.org/eg/opac/home?locg=32,Evergreen -- Independent,2011,Horizon,2004,Dynix,1993,,,,,,,,,,,,,,,,,,,,,,,,,,,,,,,,,,,,,,,,,,,54,11,4,0,6,8,0,0,33,12,8,20,3,3,0,0,0,0,0,0,0,0,0,0,57,Bridgeport,CT
Brooklyn Public Library,"Brooklyn, NY",https://www.bklynlibrary.org/,https://brooklyn.bibliocommons.com/,Sierra,2013,Millennium,2002,PLUS,1994,CLSI,1985,Encore,2017,BiblioCore,2012,None,,,,,,Barcode,,,,,,,,,,,,,,,,,,,,,,,,,,,,,,69,12,1,0,7,4,0,0,49,32,22,16,7,0,0,0,7,0,0,0,0,0,0,0,76,Brooklyn,NY
Broward County Library,"Broward County, FL",https://broward.ent.sirsi.net/client/en_US/default/?,https://broward.ent.sirsi.net/client/en_US/default/?,Symphony,2020,Carl.X,2010,Carl,1994,UTLAS,1988,Enterprise,2019,LS2 PAC,,DataPhase,1979,WebFeat PRISM,,,,Barcode,,,,,,,,,,,,CONTENTdm,,,,,,,,,,,,,,,,,,11,2,0,0,5,0,0,0,4,4,3,0,11,2,0,0,5,0,0,0,4,4,3,0,22,Broward County,FL
Buffalo and Erie County Public Library,"Buffalo, NY",https://www.buffalolib.org/,http://web2.buffalolib.org/,Symphony,2004,DRA,1982,None,,,,,,,,,,,,,,RFID,,,,,,,,,,HF,,,,,,,,,,,,,,,,,,,,19,4,0,0,3,0,0,0,12,12,8,0,9,1,0,0,5,0,0,0,3,3,3,0,28,Buffalo,NY
Calgary Public Library,"Calgary, AB",https://calgarylibrary.ca/,https://calgary.bibliocommons.com/,Symphony,2009,Horizon,2004,Dynix,1995,,,BiblioCore,2014,,,,,,,BiblioCMS,,RFID,,3M,,,,,,Sentry QuickCheck,,,,,,,,,,Lyngsoe LibraryMate,,,,,,,,,,,,128,9,0,0,11,8,0,0,108,30,18,28,67,11,0,0,14,0,0,0,42,34,22,0,195,Calgary,AB
Camden County Library System,"Camden County, NJ",https://www.camdencountylibrary.org/,https://catalog.camdencountylibrary.org,Koha -- ByWater Solutions,2016,Millennium,2001,DRA,1996,None,,,,,,,,,,,,,,,,LibraryThing for Libraries,,,,,,,,,,,,,,,,,,,,,,,,,,14,3,0,0,4,0,0,0,7,6,6,0,9,5,1,1,2,0,0,0,0,0,0,0,23,Camden County,NJ
Carlsbad City Library,"Carlsbad, CA",https://library.carlsbadca.gov/,https://cbcl.sdp.sirsi.net/,Symphony,2003,INLEX/3000,1987,,,,,Enterprise,2014,,,,,,,,,,,,,,,,,,,,,,,,,,,,,,,,,,,,,,,64,9,0,0,15,0,0,0,40,39,30,0,9,1,0,0,5,0,0,0,3,3,3,0,73,Carlsbad,CA
Carmel Clay Public Library,"Carmel, IN",https://carmelclaylibrary.org/,http://webcat.carmel.lib.in.us/,Symphony,2003,PLUS,1986,,,,,BiblioCore,2019,Enterprise,2011,,,,,,,RFID,,,,,,,,i-circ,,HF,,,,,,,,Lyngsoe LibraryMate,,,,,,,,,,,,32,5,0,0,15,0,0,0,12,12,12,0,0,0,0,0,0,0,0,0,0,0,0,0,32,Carmel,IN
Carroll County Public Library,"Carroll County, MD",https://library.carr.org/,http://catalog.carr.org/,Polaris,2009,Horizon,2003,Dynix,1992,CLSI,1987,,,AquaBrowser Library,,,,,,,,Barcode,,,,,,,,,,,,,,,,,,,,,,,,,,,,,,57,7,0,0,23,0,0,0,27,14,8,0,21,6,0,0,7,0,0,0,8,8,8,0,78,Carroll County,MD
Chattahoochee Valley Libraries,"Chattahoochee Valley, GA",https://www.cvlga.org/,http://chattahoochee.polarislibrary.com/polaris/,Polaris,2010,Horizon,2001,None,,,,,,,,,,,,,,,,,,,,,,,,,,,,,,,,,,,,,,,,,,,,95,12,0,0,3,0,0,0,80,11,7,0,30,5,0,0,9,0,0,0,16,16,16,0,125,Chattahoochee Valley,GA
Chattanooga Public Library,"Chattanooga, TN",https://chattlibrary.org/,http://www.lib.chattanooga.gov/catalog.html?contentLoc=http://www.lib.chattanooga.gov/Polaris,Polaris,2010,Carl,1997,,,,,,,,,,,,,,,RFID,,,,,,,,,,HF,,,,,,,,,,,,,,,,,,,,64,11,4,0,7,0,0,0,42,26,13,0,0,0,0,0,0,0,0,0,0,0,0,0,64,Chattanooga,TN
Chesterfield County Public Library,"Chesterfield County, VA",https://library.chesterfield.gov/,https://ccpl-discover.chesterfield.gov,Symphony,2020,Sierra,2013,Millennium,1999,Locally developed,1988,Enterprise,2020,,,,,,,,,Barcode,,,,,,,,,,,,,,,,,,,,Content Pro IRX,,,,,,,,,,119,18,5,0,24,0,0,0,72,56,30,0,0,0,0,0,0,0,0,0,0,0,0,0,119,Chesterfield County,VA
Chicago Public Library,"Chicago, IL",https://www.chipublib.org/,https://chipublib.bibliocommons.com/,Polaris,2016,Carl.X,2005,Carl,1998,Dynix,1994,BiblioCore,2013,,,DataPhase,1981,,,BiblioCMS,,,,,,,,,,,,,,CONTENTdm,,Gold Rush link resolver,2008,,,,,,,,,,,,,,,73,11,4,0,21,0,0,0,37,29,21,0,61,14,0,0,13,0,0,0,34,26,18,0,134,Chicago,IL
Las Vegas-Clark County Library District,"Clark County, NV",https://thelibrarydistrict.org/,https://lvccld.bibliocommons.com/search,Sierra,2015,Millennium,2005,DRA,1997,CLSI,1980,BiblioCore,2019,Encore,,None,,,,BiblioWeb,,RFID,,EnvisionWare,,,,,,,,HF,,,,360 Link,,,,,,,,,,,,,,,,42,18,1,0,8,0,0,0,15,15,9,0,78,17,0,0,16,0,0,0,45,37,25,0,120,Clark County,NV
Cleveland Public Library,"Cleveland, OH",https://cpl.org/,http://catalog.clevnet.org/,Symphony,2003,DRA,1979,CLSI,1971,,,Enterprise,2016,BiblioCore,,,,,,,,RFID,,,,,,,,,,HF,,,,,,,,,,,,,,,,,,,,39,9,0,0,4,0,0,0,26,26,22,0,0,0,0,0,0,0,0,0,0,0,0,0,39,Cleveland,OH
Cobb County Public Library,"Cobb County, GA",https://www.cobbcounty.org/library,https://cbpl.ent.sirsi.net/client/en_US/default,Symphony,2002,DRA,1999,Locally developed,1996,,,,,,,,,,,,,Barcode,,Bibliotheca,,,,,,Bibliotheca,,HF,,,,,,,,,,,,Bibliotheca,,,,,,,,73,14,1,0,18,0,0,0,40,23,15,0,9,1,0,0,5,0,0,0,3,3,3,0,82,Cobb County,GA
Columbus Metropolitan Library,"Columbus, OH",https://www.columbuslibrary.org/,http://catalog.columbuslibrary.org/,Polaris,2012,Discovery Place,1988,VTLS,1984,Gaylord System 100 Circulation,1977,BiblioCore,2015,AquaBrowser Library,,,,WebFeat PRISM,,,,Barcode,,,,,,,,,,,,,,,,,,,,,,,,,,,,,,38,10,1,0,4,0,0,0,23,22,14,0,0,0,0,0,0,0,0,0,0,0,0,0,38,Columbus,OH
Contra Costa County Public Library,"Contra Costa County, CA",https://ccclib.org/,http://catalog.ccclib.org/,Carl.X,2010,Carl,1996,CLSI,1988,,,BiblioCore,2019,AquaBrowser Library,,,,,,,,RFID,,3M,,,,,,,,HF,,,,,,,,,,,,,,,,,,,,109,24,6,0,23,0,0,0,56,35,23,0,15,2,0,0,4,0,0,0,9,9,9,0,124,Contra Costa County,CA
Cuyahoga County Public Library,"Cuyahoga County, OH",https://cuyahogalibrary.org/,https://encore.cuyahoga.lib.oh.us/,Koha -- ByWater Solutions,2022,Sierra,2011,Millennium,2002,DRA,1993,Aspen Discovery -- ByWater Solutions,2022,Encore,,Ulisys,1982,,,Craft,,Barcode,,,,,,,,Express Lane,,,,,,,,Electronic Resource Management,,,,,,,,,,,,,,160,6,0,0,38,12,0,0,116,39,17,20,5,0,0,0,4,0,0,0,1,1,1,0,165,Cuyahoga County,OH
Dallas Public Library,"Dallas, TX",https://dallaslibrary2.org/,http://catalog.dallaslibrary.org/,Polaris,2007,DRA,1995,,,,,,,,,,,,,,,Barcode,,,,,,,,,,,,,,,,,,,,,,,,,,,,,,72,13,2,0,14,0,0,0,43,32,24,0,0,0,0,0,0,0,0,0,0,0,0,0,72,Dallas,TX
Davenport Public Library,"Davenport, IA",https://www.davenportlibrary.com/,http://rivershare.polarislibrary.com/default.aspx?ctx=14.1033.0.0.1,Polaris,2011,Symphony,2003,PLUS,1985,,,,,AquaBrowser Library,,,,,,,,RFID,,Tech Logic,,,,,,,,HF,,,,,,,,Tech Logic -- Automated Sorting Technologies,,,,,,,,,,,,36,11,0,0,14,0,0,0,11,11,7,0,17,8,0,0,9,0,0,0,0,0,0,0,53,Davenport,IA
Dayton Metro Library,"Dayton - Montgomery County, OH",https://www.daytonmetrolibrary.org/,http://pac.daytonmetrolibrary.org/,Polaris,2012,Horizon,2003,DRA,1985,,,BiblioCore,2022,,,,,,,BiblioWeb,,RFID,,3M / Bibliotheca,,,,,,3M SelfCheck System Model 8420,,HF,,,,,,,,Lyngsoe,,,,3M / Bibliotheca,,,,,,,,67,14,4,0,19,0,0,0,30,30,18,0,28,5,0,0,11,0,0,0,12,12,12,0,95,Dayton - Montgomery County,OH
DeKalb County Public Library,"DeKalb County, GA",https://www.dekalblibrary.org,http://dekalb.polarislibrary.com/polaris/default.aspx,Polaris,2016,Horizon,2004,Dynix,1998,NOTIS,1985,Encore,,,,,,,,,,Barcode,,,,,,,,,,,,,,,,,,,,,,,,,,,,,,35,8,0,0,11,0,0,0,16,16,12,0,28,5,0,0,7,0,0,0,16,16,12,0,63,DeKalb County,GA
Denver Public Library,"Denver, CO",https://www.denverlibrary.org/,http://catalog.denverlibrary.org,Polaris,2010,Carl,1981,,,,,,,AquaBrowser Library,,,,360 Search,,Drupal,,RFID,,Bibliotheca,,,,,,3M SelfCheck System V-Series,,HF,,CONTENTdm,,,,,,Tech Logic -- Automated Sorting Technologies,,,,,,,,,,,,65,3,0,0,14,0,0,0,48,47,43,0,27,7,0,0,7,0,0,0,13,12,8,0,92,Denver,CO
Des Moines Public Library,"Des Moines, IA",https://www.dmpl.org/,https://desmoin.ent.sirsi.net,Koha -- ByWater Solutions,2022,Horizon,2004,Dynix,1998,NOTIS,1985,Aspen Discovery -- ByWater Solutions,2022,Enterprise,2016,,,,,Library Market,,RFID,,3M,,,,,,3M SelfCheck System V-Series,,HF,,,,,,,,,,,,,,,,,,,,96,14,0,0,7,4,0,0,75,26,8,16,0,0,0,0,0,0,0,0,0,0,0,0,96,Des Moines,IA
Detroit Public Library,"Detroit, MI",https://detroitpubliclibrary.org/,http://webpac.wayne.edu/webpac-bin/wgbroker?new+-access+top.dpl,Symphony,2004,Horizon,1999,NOTIS,1985,,,Enterprise,,,,,,,,,,Barcode,,,,,,,,,,,,,,,,,,,,,,,,,,,,,,51,11,0,0,8,0,0,0,32,26,18,0,0,0,0,0,0,0,0,0,0,0,0,0,51,Detroit,MI
Durham County Library,"Durham County, NC",https://durhamcountylibrary.org/,https://durhamcounty.bibliocommons.com/,Polaris,2022,Horizon,2006,Dynix,1987,,,BiblioCore,2020,Enterprise,2013,,,,,WordPress,,RFID,,Envisionware,,NoveList Select,,,,,,UHF,,Islandora,,,,,,Lyngsoe Systems,,,,,,ArchivesSpace,,,,,,43,17,6,0,2,0,0,0,18,0,0,0,75,15,0,0,14,0,0,0,46,38,26,0,118,Durham County,NC
East Baton Rouge Parish Library,"East Baton Rouge, LA",https://www.ebrpl.com/,https://catalog.ebrpl.com/iguana/www.main.cls?surl=DEFAULT,V-smart,2009,PLUS,1986,,,,,,,,,,,,,,,RFID,,,,,,EBSCO Discovery Service,2013,,,HF,,,,,,,,,,,,,,,,,,,,75,12,0,0,25,0,0,0,38,23,14,0,43,4,0,0,20,0,0,0,19,18,13,0,118,East Baton Rouge,LA
East Cleveland Public Library,"East Cleveland, OH",https://www.eastclevelandpubliclibrary.org/,http://catalog.clevnet.org/EC,Symphony,2003,DRA,1979,None,,,,Enterprise,2016,BiblioCore,,,,,,,,Barcode,,,,,,,,,,,,,,,,,,,,,,,,,,,,,,40,5,4,0,5,0,0,0,26,22,12,0,0,0,0,0,0,0,0,0,0,0,0,0,40,East Cleveland,OH
Eastern Oklahoma Library System,"Eastern District, OK",https://eols.org/,http://eok.ent.sirsi.net/client/en_US/default/,Horizon,2003,Dynix,1990,,,,,Enterprise,,,,,,,,,,Barcode,,,,,,,,,,,,,,,,,,,,,,,,,,,,,,73,12,4,0,8,4,0,0,49,25,17,24,2,1,0,0,1,0,0,0,0,0,0,0,75,Eastern District,OK
Edmonton Public Library,"Edmonton, AB",https://www.epl.ca/,http://epl.bibliocommons.com,Symphony,2002,DRA,1993,CLSI,1979,None,,BiblioCore,2009,,,,,,,BiblioCMS,,RFID,,,,,,,,,,HF,,,,,,,,,,,,,,,,,,,,111,20,6,0,23,0,0,0,62,42,30,0,72,14,0,0,14,0,0,0,44,36,24,0,183,Edmonton,AB
Pikes Peak Library District,"El Paso County, CO",https://ppld.org/,https://pikp.ent.sirsi.net/client/en_US/PPLD/search/results/?qu=title,Symphony,2001,Carl,1982,None,,,,,,,,,,,,,,RFID,,Bibliotheca,,NoveList Select,,,,,,HF,,,,,,,,,,,,,,,,,,,,93,22,5,0,28,0,0,0,38,14,8,0,13,1,0,0,5,0,0,0,7,6,6,0,106,El Paso County,CO
El Paso County Digital Library,"El Paso County, TX",https://epcounty.aspendiscovery.org/,,Koha -- ByWater Solutions,2022,,,,,,,,,,,,,,,,,,,,,,,,,,,,,,,,,,,,,,,,,,,,,,,19,8,0,0,4,0,0,0,7,1,0,0,,,,,,,,,,,,,19,El Paso County,TX
El Paso Public Library,"El Paso, TX",https://www.elpasolibrary.org/,http://elpasopl.ent.sirsi.net/,Symphony,2012,Horizon,2001,INLEX/3000,1987,None,,,,,,,,,,,,,,,,,,,,,,,,,,,,,,,,,,,,,,,,,,30,5,0,0,4,0,0,0,21,19,6,0,9,1,0,0,5,0,0,0,3,3,3,0,39,El Paso,TX
Elizabeth Free Public Library,"Elizabeth, NJ",https://www.elizpl.org/,https://lmac.ent.sirsi.net/client/en_US/elizabeth/,Symphony,2002,DRA,1990,,,,,,,,,,,,,,,,,,,,,,,,,,,,,,,,,,,,,,,,,,,,,2,1,0,0,1,0,0,0,0,0,0,0,9,1,0,0,5,0,0,0,3,3,3,0,11,Elizabeth,NJ
Escondido Public Library,"Escondido, CA",https://library.escondido.org/,https://escondido.librarycatalog.info/polaris/,Polaris,2019,Sierra,2014,Horizon,2002,Dynix,1993,,,Encore,2014,,,,,,,RFID,,mk Solutions,,,,,,,,,,,,,,,,,,,,,,,,,,,,53,7,0,0,11,0,0,0,35,33,25,0,20,5,0,0,7,0,0,0,8,8,8,0,73,Escondido,CA
Forsyth County Public Library,"Forsyth County, NC",https://www.forsyth.cc/library/,https://forsyth.nccardinal.org/eg/opac/home,Evergreen -- MOBIUS,2017,Evergreen -- Equinox,2014,Symphony,2004,DRA,1988,,,,,,,,,,,,,,,,,,,,,,,,,,,,,,,,,,,,,,,,,37,18,1,0,6,0,0,0,12,6,6,0,22,8,0,0,6,0,0,0,8,8,8,0,59,Forsyth County,NC
Poudre River Public Library District,"Fort Collins, CO",https://www.poudrelibraries.org/,http://catalog.poudrelibraries.org/,Sierra,2016,Millennium,2001,Dynix,1992,,,Encore,,,,,,,,,,RFID,,Bibliotheca,,,,,,,,HF,,CONTENTdm,,,,,,,,,,,,,,,,,,62,6,0,0,24,0,0,0,32,15,12,0,10,0,0,0,10,0,0,0,0,0,0,0,72,Fort Collins,CO
Fort Vancouver Regional Libraries,"Fort Vancouver Region, WA",https://www.fvrl.org/,http://fvrl.ent.sirsi.net/client/en_US/catalog/?,Symphony,2004,Dynix,1992,None,,,,Enterprise,2012,,,,,,,,,RFID,,,,,,,,liber8,,HF,,,,,,,,,,,,,,,,,,,,47,10,0,0,4,0,0,0,33,29,21,0,12,3,0,0,5,0,0,0,4,4,3,0,59,Fort Vancouver Region,WA
Fort Worth Public Library,"Fort Worth, TX",https://www.fortworthtexas.gov/departments/library,http://fwplhip.fortworthlibrary.org/,Polaris,2014,Horizon,2004,Dynix,1990,,,,,,,,,,,Ektron,,,,,,,,,,,,,,,,,,,,,,,,,,,,,,,,238,19,4,2,17,0,0,0,196,53,37,0,0,0,0,0,0,0,0,0,0,0,0,0,238,Fort Worth,TX
Fresno County Public Library,"Fresno County, CA",https://www.fresnolibrary.org/,http://hip1.sjvls.org/ipac20/load.jsp?profile=fhq&menu=search,Horizon,2003,Dynix,1990,,,,,,,,,,,,,,,RFID,,,,,,,,,,HF,,,,,,,,,,,,,,,,,,,,55,12,1,0,15,0,0,0,27,27,17,0,0,0,0,0,0,0,0,0,0,0,0,0,55,Fresno County,CA
Frisco Public Library,"Frisco, TX",https://friscolibrary.com/,http://frpl.ent.sirsi.net,Symphony,2003,Athena,1996,,,,,BiblioCore,2019,,,,,,,Drupal,,RFID,,Envisionware,,LibraryThing for Libraries,,,,OneStop,,HF,,,,,,eResource Central,,Tech Logic -- Automated Sorting Technologies,,,,,,,,,,,,69,14,4,0,23,0,0,0,28,27,19,0,10,1,0,0,5,0,0,0,4,3,3,0,79,Frisco,TX
Gary Public Library,"Gary, IN",https://www.garypubliclibrary.org/,http://opac.garypubliclibrary.org/uhtbin/cgisirsi.exe/x/0/0/57/49?user_id=WEBSRV_EXT&password,Symphony,2002,DRA,1983,,,,,,,,,,,,,,,,,,,,,,,,,,,,,,,,,,,,,,,,,,,,,29,3,0,0,8,0,0,0,18,17,13,0,,,,,,,,,,,,,29,Gary,IN
Grand Rapids Public Library,"Grand Rapids, MI",https://www.grpl.org/,http://catalog.grpl.org/,Evergreen -- Independent,2008,Millennium,2002,Dynix,1988,,,BiblioCore,,,,,,,,BiblioWeb,,RFID,,,,,,,,,,UHF,,,,,,,,,,,,,,,,,,,,99,18,6,0,22,0,0,0,53,43,31,0,5,5,0,0,0,0,0,0,0,0,0,0,104,Grand Rapids,MI
Greensboro Library System,"Greensboro, NC",https://library.greensboro-nc.gov/,http://hiprpa.greensborolibrary.org/,OCLC Wise,2019,Horizon,2003,Dynix,1987,,,,,,,,,,,,,,,,,,,,,,,,,,,,,,,,,,,,,,,,,,,24,3,0,0,8,0,0,0,13,12,12,0,0,0,0,0,0,0,0,0,0,0,0,0,24,Greensboro,NC
Gwinnett County Public Library,"Gwinnett County, GA",https://www.gwinnettpl.org/,https://gwinnett.bibliocommons.com/,Polaris,2013,Horizon,2003,Dynix,1997,VTLS,1984,Vega Discover,2022,BiblioCore,2017,,,,,WordPress,,RFID,,Bibliotheca,,LibraryThing for Libraries,,,,Bibliotheca,,HF,,,,,,,,,,,,TAGSYS,,,,,,,,198,34,7,0,122,0,0,0,35,21,17,0,7,0,0,0,7,0,0,0,0,0,0,0,205,Gwinnett County,GA
Public Library of Cincinnati and Hamilton County,"Hamilton County, OH",https://chpl.org/,http://catalog.cincinnatilibrary.org/,Sierra,2012,Symphony,2003,Locally developed,1996,,,BiblioCore,2020,Encore,2012,,,,,BiblioWeb,,RFID,,,,,,,,,,HF,,,,,,,,,,,,,,,,,,,,90,17,6,0,22,0,0,0,45,32,20,0,79,16,0,0,14,0,0,0,49,41,29,0,169,Hamilton County,OH
Hamilton Public Library,"Hamilton, ON",https://www.hpl.ca/,http://hpl.bibliocommons.com/,Polaris,2015,Virtua,2013,Horizon,2004,Dynix,1995,BiblioCore,,,,DOBIS,1985,,,Drupal,,,,Bibliotheca-ITG,,,,,,,,,,,,,,,,,,,,,,,,,,,,73,10,0,0,20,0,0,2,41,18,14,0,70,15,0,0,14,0,0,0,41,33,21,0,143,Hamilton,ON
Harris County Public Library,"Harris County, TX",https://www.hcpl.net/,http://hcpl2.ent.sirsi.net/client/en_US/adm,Symphony,2015,Horizon,2001,Dynix,1994,Carl,1990,BiblioCore,2022,Enterprise,2015,UTLAS,1985,,,BiblioWeb,,,,,,,,,,,,,,CONTENTdm,,360 Link,,,,,,,,,,,,,,,,74,12,4,0,22,0,0,0,36,36,24,0,12,2,0,0,7,0,0,0,3,3,3,0,86,Harris County,TX
Hartford Public Library,"Hartford, CT",https://www.hplct.org/,http://hplct.iii.com/,Symphony,2018,Millennium,2001,Innopac,1996,Carl,1988,Encore,,,,,,,,,,,,,,,,,,,,,,,,,,,,,,,,,,,,,,,,32,5,0,0,6,0,0,0,21,9,9,0,0,0,0,0,0,0,0,0,0,0,0,0,32,Hartford,CT
Hayward Public Library,"Hayward, CA",https://www.hayward-ca.gov/public-library,https://hayward.bibliocommons.com/,Sierra,2002,Innopac,1997,VTLS,1987,,,BiblioCore,2020,Encore,,,,,,,,,,,,LibraryThing for Libraries,,,,,,,,,,,,,,,,,,,,,,,,,,180,14,2,0,51,0,0,0,113,29,23,0,54,14,0,0,14,0,0,0,26,22,14,0,234,Hayward,CA
Hennepin County Public Library,"Hennepin County, MN",https://www.hclib.org/,https://hclib.bibliocommons.com,Horizon,2005,Millennium,1998,Dynix,1993,,,BiblioCore,2016,Developed in-house,2013,,,,,Sitecore,,RFID,,FE Technologies,,,,,,3M SelfCheck System R-Series,,HF,,,,,,,,Tech Logic -- Automated Sorting Technologies,,,,,,,,,,,,49,10,0,0,13,0,0,0,26,26,18,0,69,14,0,0,14,0,0,0,41,33,21,0,118,Hennepin County,MN
Tampa-Hillsborough County Public Library,"Hillsborough County, FL",https://hcplc.org/,http://www.hcplc.org/cgi-bin/iactivities/catalog_redirect,Polaris,2012,Horizon,2002,Dynix,1993,,,BiblioCore,2019,,,,,,,,,RFID,,,,,,EBSCO Discovery Service,2016,,,HF,,,,,,,,,,,,,,,,,,,,33,3,0,0,5,0,0,0,25,24,16,0,32,3,0,0,5,0,0,0,24,22,14,0,65,Hillsborough County,FL
Houston Public Library,"Houston, TX",https://houstonlibrary.org/home,https://halan.sdp.sirsi.net/client/hou,Symphony,2013,Millennium,1997,Carl,1993,DataPhase,1982,Enterprise,,AquaBrowser Library,,None,,,,,,RFID,,,,,,,,,,HF,,,,,,,,,,,,,,,,,,,,47,8,0,0,7,0,0,0,32,20,12,0,18,3,1,0,7,0,0,0,7,6,2,0,65,Houston,TX
Howard County Library System,"Howard County, MD",https://hclibrary.org/,http://polaris.hclibrary.org/polaris/,Polaris,2010,Horizon,2005,Dynix,1993,,,,,AquaBrowser Library,,,,,,,,RFID,,Bibliotheca,,,,,,,,HF,,,,,,,,,,,,,,,,,,,,70,15,2,0,7,0,0,0,46,27,8,0,27,8,0,0,7,0,0,0,12,8,8,0,97,Howard County,MD
Indianapolis Public Library System,"Indianapolis, IN",https://www.indypl.org/,https://indypl.bibliocommons.com,Polaris,2019,Horizon,1999,PLUS,1987,,,BiblioCore,2018,Enterprise,2014,,,,,,,RFID,,PV Supa,,,,,,i-circ,,HF,,CONTENTdm,,,,,,PV Supa,,,,PV Supa,,,,,,,,63,31,1,0,6,0,0,0,25,22,14,0,70,15,0,0,14,0,0,0,41,33,21,0,133,Indianapolis,IN
Jacksonville Public Library,"Jacksonville, FL",https://jaxpubliclibrary.org/,http://jkpl.ent.sirsi.net,Symphony,2003,DRA,1993,,,,,,,,,,,,,,,Barcode,,,,,,,,3M SelfCheck System Model 6420,,,,,,,,,,3M Sortation,,,,,,,,,,,,127,18,2,0,15,4,0,2,90,55,27,16,10,1,0,0,5,0,0,0,4,3,3,0,137,Jacksonville,FL
Jefferson County Public Library System,"Jefferson County, CO",https://jeffcolibrary.org/,https://jeffcolibrary.org/,Sierra,2011,Millennium,1999,Innopac,1996,Locally developed,1980,BiblioCore,2017,,,,,,,,,RFID,,,,,,,,,,HF,,,,,,,,,,,,,,,,,,,,75,15,4,0,22,0,0,0,34,34,22,0,73,13,4,0,20,0,0,0,36,36,24,0,148,Jefferson County,CO
Johnson County Library,"Johnson County, KS",https://www.jocolibrary.org/,http://jocolibrary.bibliocommons.com/,Symphony,2003,DRA,1988,,,,,BiblioCore,2010,,,,,,,,,RFID,,,,,,,,,,HF,,,,,,,,,,,,,,,,,,,,60,13,0,0,12,0,0,0,35,33,16,0,71,15,0,0,14,0,0,0,42,34,22,0,131,Johnson County,KS
Kalamazoo Public Library,"Kalamazoo, MI",https://www.kpl.gov/,http://www.catalog.kpl.gov/,Symphony,2002,DRA,1991,None,,,,Locally Developed,,Enterprise,,,,,,,,RFID,,3M,,,,,,3M SelfCheck System Model 8410,,HF,,,,,,,,,,,,,,,,,,,,28,17,0,0,6,0,0,0,5,1,0,0,0,0,0,0,0,0,0,0,0,0,0,0,28,Kalamazoo,MI
Mid-Continent Consolidated Library District,"Kansas City Metro Region, MO",https://www.mymcpl.org/,http://www.mymcpl.org/catalog,Symphony,2003,INLEX/3000,1990,,,,,BiblioCore,2016,,,,,,,,,RFID,,,,,,,,,,HF,,,,,,,,,,,,,,,,,,,,159,15,0,0,27,4,0,0,117,28,20,16,73,15,0,0,14,0,0,0,44,36,24,0,232,Kansas City Metro Region,MO
Kansas City Public Library,"Kansas City, MO",https://www.kclibrary.org/,http://catalog.kclibrary.org/,Symphony,2004,DRA,1988,,,,,BiblioCore,2016,AquaBrowser Library,,,,,,,,,,,,,,,,,,,,,,,,,,,,,,,,,,,,,,37,2,0,0,6,0,0,0,29,12,8,0,0,0,0,0,0,0,0,0,0,0,0,0,37,Kansas City,MO
Kent District Library,"Kent County, MI",https://kdl.org/,https://catalog.kdl.org/client/en_US/default/search/results?qu=title&x=0&y=0,Symphony,2014,Sierra,2011,Millennium,2002,Dynix,1998,BiblioCore,2020,Enterprise,2014,GLIS,1980,Research Pro,,,,RFID,,3M,,,,,,3M SelfCheck System V-Series,,HF,,,,,,,,,,,,,,,,,,,,93,24,4,0,24,0,0,0,41,40,26,0,0,0,0,0,0,0,0,0,0,0,0,0,93,Kent County,MI
Kern County Library,"Kern County, CA",https://kerncountylibrary.org/,https://sjvls.ent.sirsi.net/client/en_US/kehq,Horizon,2003,Dynix,1990,,,,,Enterprise,,,,,,,,,,Barcode,,,,,,,,,,,,,,,,,,,,,,,,,,,,,,22,5,4,0,5,0,0,0,8,8,4,0,13,2,0,0,6,0,0,0,5,5,4,0,35,Kern County,CA
King County Library System,"King County, WA",https://kcls.org/,http://catalog.kcls.org/,Evergreen -- Catalyst,2014,Evergreen -- Equinox,2009,Millennium,2004,Dynix,1990,BiblioCore,2014,,,,,360 Search,,BiblioCMS,,Barcode,,,,LibraryThing for Libraries,,,,,,,,,,,,,,,,,,,,,,,,,,103,14,4,0,24,0,0,0,61,53,35,0,85,16,0,0,17,0,0,0,52,44,32,0,188,King County,WA
Lee County Library System,"Lee County, FL",https://www.leegov.com/library/,https://libpac.leegov.com/polaris/default.aspx?ctx=1.1033.0.0.6,Polaris,2008,Dynix,1989,,,,,,,,,,,,,,,,,Bibliotheca,,LibraryThing for Libraries,,,,3M SelfCheck System R-Series,,,,,,,,,,Lyngsoe LibraryMate,,,,,,,,,,,,43,4,0,0,14,0,0,0,25,14,10,0,23,5,0,0,10,0,0,0,8,8,8,0,66,Lee County,FL
LeRoy Collins Leon County Public Library,"Leon County, FL",https://cms.leoncountyfl.gov/Library,http://lcpl.ent.sirsi.net/client/lcpl,Symphony,2003,DRA,1991,,,,,,,,,,,,,,,Barcode,,,,,,,,3M SelfCheck System Model 6420,,,,,,,,,,,,,,,,,,,,,,25,7,0,0,8,0,0,0,10,10,9,0,10,1,0,0,5,0,0,0,4,3,3,0,35,Leon County,FL
Lexington Public Library,"Lexington, KY",https://www.lexpublib.org/,https://catalog.lexpublib.org,CARL.Solution,2018,Library.Solution,2004,DRA,1985,,,CARL.Connect Discovery,2018,LS2 PAC,,,,,,,,,,,,,,,,,,,,,,,,,,,,,,,,,,,,,,89,4,0,0,7,0,0,0,78,77,72,0,26,2,0,0,5,0,0,0,19,18,18,0,115,Lexington,KY
Lincoln City Libraries,"Lincoln, NE",https://lincolnlibraries.org/,https://lcl.ent.sirsi.net/client/en_US/default,Symphony,2015,Koha -- LibLime,2010,Horizon,2002,Dynix,1987,Enterprise,,,,None,,,,,,Barcode,,,,,,,,,,,,,,,,,,,,,,,,,,,,,,93,16,4,0,9,0,0,0,64,17,13,0,13,2,0,0,6,0,0,0,5,5,4,0,106,Lincoln,NE
Live Oak Public Libraries,"Live Oak Region, GA",https://www.liveoakpl.org/home,http://webcat.liveoakpl.org,Evergreen -- Independent,2018,Symphony,1989,,,,,Enterprise,,,,,,,,,,Barcode,,,,,,,,PINES Selfcheck,,,,,,,,,,,,,,,,,,,,,,34,4,0,0,8,0,0,0,22,22,14,0,25,8,0,1,8,0,0,0,8,8,8,0,59,Live Oak Region,GA
Long Beach Public Library,"Long Beach, CA",https://www.longbeach.gov/library,http://encore.lbpl.org/,Sierra,2011,Millennium,2008,Dynix,1997,NOTIS,1985,,,,,,,MetaFind,,,,RFID,,Bibliotheca-ITG,,Encore,,,,Express Lane,,HF,,CONTENTdm,,,,Electronic Resource Management,,Tech Logic -- Automated Sorting Technologies,,CONTENTdm,,TAGSYS,,,,,,,,57,10,0,0,7,0,0,0,40,16,8,0,1,0,0,0,1,0,0,0,0,0,0,0,58,Long Beach,CA
County of Los Angeles Public Library,"Los Angeles County, CA",https://lacountylibrary.org/,https://catalog.lacountylibrary.org/client/en_US/default,Symphony,2006,DRA,1988,,,,,Enterprise,,,,,,Sirsi SingleSearch,,,,Barcode,,,,,,,,,,,,,,Sirsi Resolver,,360 Resource Manager,,,,,,,,,,,,,,56,21,5,0,7,0,0,0,23,20,12,0,9,1,0,0,5,0,0,0,3,3,3,0,65,Los Angeles County,CA
Los Angeles Public Library,"Los Angeles, CA",https://www.lapl.org/,http://www.lapl.org/catalog/,Carl.X,2009,Carl,1993,None,,,,LS2 PAC,2012,,,,,,,Drupal,,,,Tech Logic,,,,,,3M SelfCheck System V-Series,,,,,,,,,,Tech Logic -- Automated Sorting Technologies,,,,,,,,,,,,105,7,0,0,20,4,0,2,76,31,15,16,103,7,0,0,20,4,0,2,74,29,13,16,208,Los Angeles,CA
Loudoun County Public Library,"Loudoun County, VA",https://library.loudoun.gov/,https://catalog.library.loudoun.gov/?section=home,Carl.X,2015,Horizon,2001,Dynix,1994,GLIS,1985,Carl.Connect Discovery,,,,,,,,,,RFID,,Bibliotheca,,,,,,,,HF,,,,,,,,Bibliotheca,,,,,,,,,,,,48,6,0,0,13,0,1,0,28,20,12,0,16,2,0,0,4,0,0,0,10,9,9,0,64,Loudoun County,VA
Louisville Free Public Library - Main,"Louisville, KY",https://www.lfpl.org/,http://pac.lfpl.org/polaris/,Polaris,2005,DRA,1988,,,,,,,,,,,None,,,,RFID,,,,,,,,,,HF,,,,,,None,,,,,,,,,,,,,,26,1,0,0,6,0,0,0,19,19,15,0,22,5,0,0,5,0,0,0,12,12,8,0,48,Louisville,KY
Toledo - Lucas County Public Library,"Lucas County, OH",https://www.toledolibrary.org/,http://encore.toledolibrary.org/iii/encore,Sierra,2012,Millennium,2005,DRA,1995,The Library Machine,1988,Encore,2011,AquaBrowser Library,2006,,,Research Pro,,,,Barcode,,,,,,,,,,,,,,,,,,,,,,,,,,,,,,65,12,0,0,16,0,0,0,37,29,15,0,5,0,0,0,4,0,0,0,1,1,0,0,70,Lucas County,OH
Madison Public Library,"Madison, WI",https://www.madisonpubliclibrary.org/,http://www.linkcat.info/cgi-bin/koha/opac-main.pl,Bibliovation,2018,Koha -- LibLime,2009,Dynix,1992,GLIS,1985,,,,,None,,,,Drupal,,,,Envisionware,,ProQuest - Syndetic Solutions,,,,,,,,,,,,,,,,,,Envisionware,,,,,,,,15,3,0,0,2,0,0,0,10,9,0,0,1,0,0,0,1,0,0,0,0,0,0,0,16,Madison,WI
Public Library of Youngstown and Mahoning County,"Mahoning County, OH",https://www.libraryvisit.org/,http://catalog.libraryvisit.org/,Sierra,2013,Millennium,2002,INLEX/3000,1985,CLSI,1975,BiblioCore,2018,Encore,2012,,,,,BiblioWeb,,,,,,,,,,,,,,,,,,,,,,,,,,,,,,,,76,17,4,0,21,0,0,0,34,33,21,0,28,0,0,0,13,0,0,0,15,15,11,0,104,Mahoning County,OH
Marin County Free Library,"Marin County, CA",https://marinlibrary.org/,http://marinet.lib.ca.us/,Sierra,2011,Millennium,2000,PLUS,1993,CLSI,1974,BiblioCore,2016,Encore,2011,,,,,,,,,,,,,,,,,,,CONTENTdm,,,,,,,,,,,,,,,,,,89,13,4,0,20,0,0,0,52,36,24,0,5,1,0,0,4,0,0,0,0,0,0,0,94,Marin County,CA
Charlotte Mecklenburg Library,"Mecklenburg County, NC",https://www.cmlibrary.org/,https://cmlibrary.bibliocommons.com,Horizon,2005,Dynix,1989,,,,,BiblioCore,2015,AquaBrowser Library,2009,,,,,,,Barcode,,Tech Logic,,,,,,CircIT,,,,,,,,,,Lyngsoe LibraryMate,,,,,,,,,,,,92,11,0,0,7,4,0,1,73,16,12,16,69,15,0,0,14,0,0,0,40,32,20,0,161,Mecklenburg County,NC
Memphis Public Library and Information Center,"Memphis, TN",https://www.memphislibrary.org/,http://mpub.ent.sirsi.net/client/en_US/mplic,Symphony,2005,DRA,1989,GLIS,1978,,,Enterprise,2012,,,,,,,WordPress,,Barcode,,,,Enterprise,,,,3M SelfCheck System V-Series,,,,CONTENTdm,,,,,,,,,,,,,,,,,,57,8,4,0,7,0,0,0,38,38,23,0,11,1,0,0,7,0,0,0,3,3,3,0,68,Memphis,TN
Mesa Public Library,"Mesa, AZ",https://www.mesalibrary.org/,http://cat.mesalibrary.org/polaris/,Polaris,2009,Horizon,2005,Dynix,1994,DOBIS,1988,Vega Discover,2021,,,,,,,,,RFID,,Bibliotheca,,,,,,Bibliotheca Self Check 1000,,HF,,,,,,,,Bibliotheca,,,,Bibliotheca,,,,,,,,87,13,1,0,18,0,0,0,55,20,16,0,51,6,0,0,12,0,0,0,33,33,25,0,138,Mesa,AZ
Miami-Dade Public Library System,"Miami - Dade County, FL",https://www.mdpls.org/,http://www.mdpls.org/catalog/redirect.asp,Polaris,2009,Horizon,2002,Dynix,1995,,,Vega Discover,2023,AquaBrowser Library,,,,,,,,Barcode,,,,,,,,,,,,,,,,,,,,,,,,,,,,,,46,19,1,0,11,0,0,0,15,10,10,0,62,17,1,0,14,0,0,0,30,16,16,0,108,Miami - Dade County,FL
Milwaukee Public Library - Central Library,"Milwaukee, WI",https://www.mpl.org/,http://countycat.mcfls.org/search/,Sierra,2013,Millennium,2000,Innopac,1995,Locally developed,1975,Encore,,,,,,,,,,RFID,,Bibliotheca,,,,,,Bibliotheca,,,,CONTENTdm,,,,EBSCO ERM Essentials,,Vista Sort,,,,,,,,,,,,31,11,0,0,5,0,0,0,15,13,8,1,17,0,0,0,9,0,0,0,8,8,8,0,48,Milwaukee,WI
Montgomery County Public Libraries,"Montgomery County, MD",https://www.montgomerycountymd.gov/library/,https://mcpl.aspendiscovery.org/,Koha -- ByWater Solutions,2021,Symphony,1999,Carl,1988,SCICON,1980,Aspen Discovery -- ByWater Solutions,2021,Enterprise,2011,None,,,,,,Barcode,,,,,,,,Bibliotheca 500,,HF,,,,,,,,,,,,,,,,,,,,77,9,0,0,16,0,0,0,52,34,27,0,55,6,0,0,15,0,0,0,34,9,5,0,132,Montgomery County,MD
Multnomah County Library,"Multnomah County, OR",https://multcolib.org/,https://multcolib.bibliocommons.com/,Symphony,2017,Sierra,2012,Millennium,2004,Dynix,1988,BiblioCore,2012,,,,,,,,,RFID,,Bibliotheca,,,,,,Express Lane,,HF,,,,,,360 Resource Manager,,,,,,,,,,,,,,36,3,0,0,6,0,0,0,27,18,14,0,73,15,0,0,16,0,0,0,42,34,22,0,109,Multnomah County,OR
Nashville Public Library,"Nashville and Davidson County, TN",https://library.nashville.org/,http://catalog.library.nashville.org,Carl.X,2016,Millennium,2001,Innopac,1993,None,,Aspen Discovery -- ByWater Solutions,2020,VuFind -- Pika,2014,,,,,,,Barcode,,,,,,,,,,,,,,,,,,,,,,,,,,,,,,115,21,4,0,8,0,0,0,82,25,13,0,20,2,0,0,10,0,0,0,8,8,8,0,135,Nashville and Davidson County,TN
New Haven Free Public Library,"New Haven, CT",https://nhfpl.org/,http://encore.nhfpl.org/iii/encore/?lang=eng,Sierra,2014,Millennium,1994,Innopac,1999,,,,,,,,,,,,,,,,,,,,,,,,,,,,,,,,,,,,,,,,,,,74,13,4,0,10,0,0,2,45,23,14,0,39,7,0,0,20,0,0,0,12,8,4,0,113,New Haven,CT
New Orleans Public Library,"New Orleans, LA",https://nolalibrary.org/,http://neworleans.polarislibrary.com,Polaris,2012,Horizon,2002,Dynix,1988,DataPhase,1981,,,,,,,,,,,,,Envisionware,,,,,,,,,,,,,,,,,,,,,,,,,,,,75,20,4,0,11,0,0,0,40,28,16,0,8,5,0,0,3,0,0,0,0,0,0,0,83,New Orleans,LA
New York Public Library,"New York, NY",https://www.nypl.org/,http://browse.nypl.org/,Sierra,2014,Millennium,2008,Dynix,1994,TOMUS,1984,Encore,2015,BiblioCore,2011,Locally developed,1973,,,,,Barcode,,,,,,,,,,,,,,,,,,,,,,,,,,,,,,87,19,1,0,15,0,0,0,52,12,8,0,33,12,0,0,8,0,0,0,13,8,4,0,120,New York,NY
Newark Public Library,"Newark, NJ",https://www.npl.org/,http://catalog.npl.org/search,Sierra,2017,Millennium,2005,Dynix,1990,None,,,,,,,,,,,,Barcode,,,,,,,,,,,,,,,,,,,,,,,,,,,,,,111,22,6,0,15,4,0,0,68,34,12,16,5,0,0,0,5,0,0,0,0,0,0,0,116,Newark,NJ
Newport Beach Public Library,"Newport Beach, CA",https://www.newportbeachlibrary.org/,http://millennium.newport.lib.ca.us/,Symphony,2019,Millennium,2007,Horizon,2001,Dynix,1987,,,SOPAC,,,,,,,,,,,,,,,,,,,,,,,,,,,,,,,,,,,,,,27,6,0,0,4,0,0,0,17,16,12,0,0,0,0,0,0,0,0,0,0,0,0,0,27,Newport Beach,CA
Newport News Public Library,"Newport News, VA",https://library.nnva.gov,https://nnpls.tlcdelivers.com/,Library.Solution,2020,Virtua,2001,VTLS,1983,None,,,,,,,,,,Plone,,RFID,,,,,,,,,,HF,,CONTENTdm,,,,,,,,,,,,,,,,,,65,9,0,0,17,0,0,0,39,35,19,0,38,6,0,0,7,0,0,0,25,25,19,0,103,Newport News,VA
Oakland Public Library,"Oakland, CA",https://oaklandlibrary.org/,http://catalog.oaklandlibrary.org/,Sierra,2013,Millennium,2006,Dynix,1989,None,,BiblioCore,2020,,,,,,,BiblioWeb,,Barcode,,,,,,,,,,,,,,,,,,,,,,,,,,,,,,80,19,4,0,21,0,0,0,36,35,23,0,15,0,0,0,7,0,0,0,8,8,8,0,95,Oakland,CA
Ocean County Library,"Ocean County, NJ",https://theoceancountylibrary.org/,http://pac.theoceancountylibrary.org/polaris/,Polaris,2008,Horizon,2002,Dynix,1987,,,Vega Discover,2022,,,,,,,,,,,,,,,,,,,,,,,,,,,,,,,,,,,,,,,73,3,0,0,4,0,0,0,66,65,61,0,21,6,0,0,7,0,0,0,8,8,8,0,94,Ocean County,NJ
Oklahoma City Metropolitan Library System,"Oklahoma City, OK",https://www.metrolibrary.org/,https://catalog.metrolibrary.org/,Carl.X,2013,Locally developed,1985,,,,,,,,,,,,,Library Market,,RFID,,Bibliotheca-ITG,,LibraryThing for Libraries,,,,mkSolutions,,HF,,,,,,,,"Bibliotheca, mkSolutions",,,,,,,,,,,,66,13,0,0,3,0,0,0,50,15,8,0,16,2,0,0,4,0,0,0,10,10,10,0,82,Oklahoma City,OK
Omaha Public Library,"Omaha, NE",https://omahalibrary.org/,https://omahalibrary.org/catalog/,Sierra,2014,Millennium,2011,Horizon,1999,Dynix,1990,BiblioCore,2012,,,None,,None,,Joomla,,RFID,,,,,,,,,,,,,,,,,,,,,,,,,,,,,,66,15,4,0,19,0,0,0,28,27,19,0,58,10,3,0,19,0,0,0,26,25,17,0,124,Omaha,NE
Orange County Library System,"Orange County, FL",https://www.ocls.info/,,Sierra,2011,Millennium,2003,DRA,1996,Locally developed,1974,,,,,,,,,,,RFID,,,,,,,,,,HF,,,,,,,,,,,,,,,,,,,,74,11,0,0,21,2,0,0,42,32,21,8,,,,,,,,,,,,,74,Orange County,FL
Ottawa Public Library,"Ottawa, ON",https://biblioottawalibrary.ca/,https://ottawa.bibliocommons.com/,Symphony,2009,Horizon,2001,DRA,1989,Ulisys,1980,BiblioCore,,,,,,,,,,RFID,,,,,,,,,,HF,,,,,,,,,,,,,,,,,,,,36,5,0,0,5,0,0,0,26,26,18,0,74,16,0,0,15,0,0,0,43,35,23,0,110,Ottawa,ON
Palm Beach County Library System,"Palm Beach County, FL",http://www.pbclibrary.org/,http://pbcls.ent.sirsi.net/client/en_US/pbcls/,Symphony,2003,DRA,1988,DataPhase,1981,None,,BiblioCore,2022,Enterprise,,,,,,BiblioWeb,,RFID,,,,,,,,,,HF,,,,,,,,,,,,,,,,,,,,21,5,0,0,5,0,0,0,11,11,8,0,9,1,0,0,5,0,0,0,3,3,3,0,30,Palm Beach County,FL
Palo Alto City Library,"Palo Alto, CA",https://library.cityofpaloalto.org/,https://paloalto.bibliocommons.com/search,Sierra,2015,Horizon,2004,Dynix,1985,,,BiblioCore,2017,,,,,,,BiblioWeb,,RFID,,Bibliotheca,,,,,,3M SelfCheck System Model 8420,,HF,,CONTENTdm,,,,,,EnvisionWare Modular Sorter,,,,,,,,,,,,83,14,4,0,22,0,0,0,43,35,23,0,70,14,0,0,14,0,0,0,42,34,22,0,153,Palo Alto,CA
Pasadena Public Library,"Pasadena, CA",https://www.cityofpasadena.net/library/,https://pasadena.ent.sirsi.net/client/en_US/default,Symphony,2020,Sierra,2014,Horizon,2004,Advance,1995,Enterprise,2020,Encore,2014,GLIS,1981,,,,,Barcode,,,,,,,,,,,,,,,,,,,,,,,,,,,,,,90,30,6,0,9,0,0,1,44,32,17,0,9,1,0,0,5,0,0,0,3,3,3,0,99,Pasadena,CA
Free Library of Philadelphia,"Philadelphia, PA",https://www.freelibrary.org,http://know.freelibrary.org,Symphony,2004,DRA,1995,CLSI,1985,,,VuFind,2015,AquaBrowser Library,,,,WebFeat PRISM,,,,RFID,,,,,,,,,,HF,,,,,,,,,,,,,,,,,,,,49,9,4,0,15,0,0,2,19,12,8,0,37,5,0,0,10,0,0,2,20,12,8,0,86,Philadelphia,PA
Phoenix Public Library,"Phoenix, AZ",https://www.phoenixpubliclibrary.org,https://catalog.phoenixpubliclibrary.org/,Polaris,2007,Carl,1999,Dynix,1994,CLSI,1987,,,,,ULYSIS,1977,,,,,RFID,,,,,,,,,,HF,,,,,,,,,,,,,,,,,,,,77,7,0,0,18,0,1,0,51,26,18,0,20,4,0,0,7,0,0,0,9,8,8,0,97,Phoenix,AZ
Pierce County Library System,"Pierce County, WA",https://www.piercecountylibrary.org/,http://polariscatalog.piercecountylibrary.org/polaris,Polaris,2004,Dynix,1990,GLIS,1984,,,,,,,,,,,,,Barcode,,,,ChiliFresh,,,,Polaris ExpressCheck,,,,,,,,,,,,,,,,,,,,,,58,10,2,0,23,0,0,2,21,11,8,0,41,7,0,0,14,0,0,2,18,12,9,0,99,Pierce County,WA
Joel D Valdez Main Library,"Pima County, AZ",https://www.library.pima.gov/catalog/,http://librarycatalog.pima.gov/,Sierra,2016,Millennium,1998,Innopac,1995,CLSI,1974,BiblioCore,,,,,,,,BiblioWeb,,Barcode,,,,,,,,,,,,,,,,,,,,,,,,,,,,,,92,15,4,0,27,0,0,0,46,46,27,0,4,0,0,0,4,0,0,0,0,0,0,0,96,Pima County,AZ
Pioneer Library System,"Pioneer Region, OK",https://pioneerlibrarysystem.org/,https://pion.ent.sirsi.net/client/en_US/MAIN/,Symphony,2010,Horizon,2000,Dynix,1993,None,,Enterprise,,,,,,,,Joomla,,RFID,,,,Enterprise,,,,Envisionware,,,,,,,,,,EnvisionWare Modular Sorter,,,,,,,,,,,,3,0,0,0,2,0,0,0,1,0,0,0,9,1,0,0,5,0,0,0,3,3,3,0,12,Pioneer Region,OK
Carnegie Library of Pittsburgh,"Pittsburgh, PA",https://www.carnegielibrary.org/,http://librarycatalog.einetwork.net/,Sierra,2013,Millennium,2006,DRA,1994,,,BiblioCore,2022,VuFind,,,,,,,,Barcode,,,,,,,,,,,,,,,,,,,,,,,,,,,,,,53,7,3,0,9,0,0,2,32,20,12,0,15,2,0,0,5,0,0,0,8,8,8,0,68,Pittsburgh,PA
Portland Public Library,"Portland, ME",https://www.portlandlibrary.com/,http://catalog.portland.lib.me.us/search,Sierra,2014,Millennium,2005,Innopac,1995,CLSI,1985,BiblioCore,,,,,,,,,,RFID,,3M,,LibraryThing for Libraries,,,,,,HF,,,,,,,,,,,,,,,,,,,,106,12,4,0,18,0,0,0,72,26,14,0,4,0,0,0,4,0,0,0,0,0,0,0,110,Portland,ME
Prince George's County Memorial Library System,"Prince George's County, MD",https://www.pgcmls.info/,http://catalog.pgcmls.info/Polaris/,Polaris,2008,PLUS,1982,,,,,,,,,,,,,,,Barcode,,,,,,,,,,,,,,,,,,,,,,,,,,,,,,55,15,2,0,14,0,0,0,24,14,12,0,21,6,0,0,7,0,0,0,8,8,8,0,76,Prince George's County,MD
Providence Public Library,"Providence, RI",https://www.provlib.org/,http://catalog.oslri.net/,Koha -- ByWater Solutions,2022,Sierra,2013,Millennium,2005,Horizon,2003,Aspen Discovery -- ByWater Solutions,2022,Encore,,Dynix,1991,,,,,RFID,,,,,,,,,,HF,,,,,,,,,,,,,,,,,,,,119,7,4,0,23,0,0,0,85,29,12,0,8,0,0,0,8,0,0,0,0,0,0,0,127,Providence,RI
Pueblo City-County Library District,"Pueblo, CO",https://www.pueblolibrary.org/,https://catalog.pueblolibrary.org,Koha -- ByWater Solutions,2018,Symphony,2003,DRA,1993,Locally developed,1979,Aspen Discovery -- ByWater Solutions,2019,BiblioCore,2013,None,,,,Drupal,,RFID,,Bibliotheca,,,,,,Bibliotheca,,,,CONTENTdm,,,,,,,,,,,,,,,,,,56,10,0,0,8,0,0,0,38,15,12,0,3,2,0,0,1,0,0,0,0,0,0,0,59,Pueblo,CO
Queens Borough Public Library,"Queens Borough, NY",https://www.queenslibrary.org/,http://www.queenslibrary.org/,Symphony,2021,Virtua,2008,DRA,1989,OTHER,1979,Enterprise,2021,Locally Developed,,,,WebFeat PRISM,,,,RFID,,,,,,,,,,HF,,,,,,,,,,,,,,,,,,,,0,0,0,0,0,0,0,0,0,0,0,0,0,0,0,0,0,0,0,0,0,0,0,0,0,Queens Borough,NY
Anythink Wright Farms,"Rangeview Library District, CO",https://www.anythinklibraries.org/,http://catalog.anythinklibraries.org,OCLC Wise,2018,Horizon,2004,Dynix,1984,,,,,VuFind -- Pika,2012,,,,,Drupal,,RFID,,Envisionware,,,,,,OneStop,,,,,,,,,,EnvisionWare Modular Sorter,,,,,,,,,,,,153,28,1,0,11,0,0,0,113,84,71,0,10,6,0,0,4,0,0,0,0,0,0,0,163,Rangeview Library District,CO
Redwood City Public Library,"Redwood City, CA",https://www.redwoodcity.org/departments/library,http://catalog.plsinfo.org/,Sierra,2013,Dynix,1994,GLIS,1983,,,BiblioCore,2013,,,,,,,,,,,,,,,,,,,,,,,,,,,,,,,,,,,,,,,89,6,0,0,66,0,0,0,17,16,12,0,24,9,1,0,8,0,0,0,6,6,3,0,113,Redwood City,CA
Regina Central Library,Canada,https://www.reginalibrary.ca/,https://www.reginalibrary.ca/search,Polaris,2015,Sierra,2011,Millennium,2009,Horizon,2002,Locally Developed,2015,EBSCO Discovery Service,2014,Dynix,1994,,,Drupal,,Barcode,,,,Syndetics Unbound,,Polaris,2015,3M SelfCheck System V-Series,,,,,,,,,,,,,,,,,,EBSCO Discovery Service,2014,,,0,0,0,0,0,0,0,0,0,0,0,0,0,0,0,0,0,0,0,0,0,0,0,0,0,Regina,
Richland Library,"Richland County, SC",https://www.richlandlibrary.com/,https://www.richlandlibrary.com/,Polaris,2013,Horizon,1999,Dynix,1984,,,,,,,,,,,Drupal,,RFID,,Bibliotheca,,NoveList Select,,,,,,HF,,,,,,,,,,,,,,,,,,,,67,15,0,0,3,0,1,0,48,15,11,0,64,12,0,0,3,0,0,0,49,14,10,0,131,Richland County,SC
Richmond Public Library,"Richmond, VA",https://rvalibrary.org/,http://ibistro.ci.richmond.va.us/uhtbin/cgisirsi/x/0/0/49/,Symphony,2003,DRA,1989,,,,,,,,,,,,,,,,,,,,,,,,,,,,,,,,,,,,,,,,,,,,,56,12,4,0,6,0,0,0,34,24,16,0,0,0,0,0,0,0,0,0,0,0,0,0,56,Richmond,VA
Rochester Public Library,"Rochester, MN",https://www.rplmn.org/,http://catalog.rochesterpubliclibrary.org/,Symphony,2003,DRA,1984,,,,,Enterprise,,,,,,,,,,RFID,,,,,,,,,,HF,,,,,,,,,,,,,,,,,,,,52,16,0,0,7,0,0,0,29,16,12,0,0,0,0,0,0,0,0,0,0,0,0,0,52,Rochester,MN
Central Library of Rochester and Monroe County,"Rochester, NY",https://libraryweb.org/,http://www.rochester.lib.ny.us:2080/cgi-bin/cw_cgi?5000+REDIRX+setDatabase_720,Carl.X,2011,Carl,1993,GLIS,1983,,,LS2 PAC,2010,AquaBrowser Library,2007,,,,,,,,,,,,,,,,,,,,,,,,,,,,,,,,,,,,,58,15,5,0,7,0,0,0,31,21,13,0,,,,,,,,,,,,,58,Rochester,NY
Sacramento Public Library,"Sacramento, CA",https://www.saclibrary.org/,https://catalog.saclibrary.org/Union/,Sierra,2011,Millennium,1999,PLUS,1983,,,VuFind -- Pika,2018,,,,,,,Kentico,,RFID,,Envisionware,,,,EBSCO Discovery Service,2016,Express Lane,,,,CONTENTdm,,,,,,EnvisionWare Modular Sorter,,,,,,,,Encore,,,,70,15,0,0,21,0,0,0,34,32,20,0,39,5,0,0,11,0,0,0,23,21,17,0,109,Sacramento,CA
Public Libraries of Saginaw,"Saginaw, MI",https://www.saginawlibrary.org/,http://valcat.vlc.lib.mi.us/ipac20/ipac.jsp?menu=search&profile=sge,Horizon,2004,Dynix,1990,,,,,,,,,,,,,,,,,,,,,,,,,,,,,,,,,,,,,,,,,,,,,73,6,0,0,17,0,0,0,50,14,8,0,0,0,0,0,0,0,0,0,0,0,0,0,73,Saginaw,MI
Saint Joseph County Public Library,"Saint Joseph County, IN",https://sjcpl.org/,http://sjcpl.bibliocommons.com/,Sierra,2011,Millennium,2004,Innopac,1995,PLUS,1982,BiblioCore,2014,,,,,,,,,RFID,,,,,,,,,,HF,,,,,,,,,,,,,,,,,,,,71,9,4,0,7,4,0,0,51,26,18,16,73,15,0,0,14,0,0,0,44,36,24,0,144,Saint Joseph County,IN
Saint Louis County Library,"Saint Louis County, MO",https://www.slcl.org/,http://webpac.slcl.org,Polaris,2022,Sierra,2017,Millennium,1999,,,Vega Discover,2022,Encore,2010,,,,,,,RFID,,Bibliotheca-ITG,,,,,,Express Lane,,HF,,,,,,,,Lyngsoe LibraryMate,,,,,,,,,,,,162,7,0,0,8,0,0,0,147,145,68,0,6,4,0,0,2,0,0,0,0,0,0,0,168,Saint Louis County,MO
Saint Louis Public Library,"Saint Louis, MO",https://www.slpl.org/,https://slpl.bibliocommons.com/,Polaris,2021,Symphony,2010,DRA,1998,Locally developed,1988,BiblioCore,2016,,,,,,,BiblioWeb,,Barcode,,,,,,,,,,,,,,,,,,,,,,,,,,,,,,74,13,4,0,20,0,0,0,37,36,24,0,73,15,0,0,14,0,0,0,44,36,24,0,147,Saint Louis,MO
Saint Paul Public Library,"Saint Paul, MN",https://sppl.org/,https://sppl.bibliocommons.com/search,Sierra,2011,Millennium,1999,PLUS,1986,,,BiblioCore,2019,AquaBrowser Library,,,,360 Search,,BiblioWeb,,Barcode,,,,,,,,,,,,,,,,,,,,,,,,,,,,,,87,20,6,0,22,0,0,0,39,34,22,0,71,16,0,0,14,0,0,0,41,33,21,0,158,Saint Paul,MN
Salt Lake City Public Library,"Salt Lake City, UT",https://services.slcpl.org,http://catalog.slcpl.org/,Polaris,2013,Millennium,2002,Innopac,1995,PLUS,1985,,,,,,,,,,,RFID,,,,,,,,Bibliotheca,,HF,,,,,,,,Lyngsoe and 3M,,,,,,,,,,,,165,13,0,0,20,0,0,0,132,98,60,0,45,9,0,0,11,0,0,0,25,25,13,0,210,Salt Lake City,UT
Salt Lake County Library System,"Salt Lake County, UT",https://www.slcolibrary.org/index.htm,http://catalog.slcolibrary.org,Polaris,2013,Horizon,2004,Dynix,1990,CLSI,1983,,,,,,,,,,,RFID,,Tech Logic,,ChiliFresh,,,,CircIT 2011,,HF,,,,,,,,Tech Logic -- Automated Sorting Technologies,,,,,,,,,,,,108,25,2,0,18,0,0,2,61,46,34,0,15,5,0,0,8,0,0,0,2,2,2,0,123,Salt Lake County,UT
San Antonio Public Library,"San Antonio, TX",https://www.mysapl.org/,https://mysapl.bibliocommons.com/,Symphony,2019,Millennium,2004,Carl,1995,PLUS,1983,BiblioCore,2014,,,,,,,,,,,,,,,,,,,,,,,,,,,,,,,,,,,,,,,84,18,2,0,23,0,0,0,41,18,14,0,77,17,0,0,18,0,0,0,42,34,22,0,161,San Antonio,TX
San Diego County Library,"San Diego County, CA",https://www.sdcl.org/,https://sdcl.bibliocommons.com/,Polaris,2020,Millennium,2003,DRA,1992,Ulisys,1984,BiblioCore,2020,Encore,2009,,,MetaFind,,,,RFID,,,,,,,,,,HF,,,,None,,None,,,,,,,,,,,,,,84,18,4,0,28,0,0,0,34,34,22,0,75,17,0,0,18,0,0,0,40,32,20,0,159,San Diego County,CA
San Diego Public Library,"San Diego, CA",https://www.sandiego.gov/public-library,https://sandiego.bibliocommons.com/,Polaris,2019,Symphony,2007,DRA,1991,Ulisys,1984,BiblioCore,2015,,,,,,,Drupal,,RFID,,,,,,,,,,HF,,CONTENTdm,,,,,,Lyngsoe LibraryMate,,,,,,,,,,,,120,35,3,0,21,0,0,0,61,25,13,0,66,15,0,0,14,0,0,0,37,33,19,0,186,San Diego,CA
San Francisco Public Library,"San Francisco, CA",https://sfpl.org/,https://sfpl.bibliocommons.com/,Sierra,2013,Millennium,2003,DRA,1992,CLSI,1980,BiblioCore,2014,,,,,,,,,Barcode,,,,,,Ex Libris CDI,2013,,,,,,,,,,,,,,,,,,,,,,,118,13,0,0,26,4,0,0,79,22,12,20,61,14,0,0,13,0,0,0,34,26,18,0,179,San Francisco,CA
San Jose Public Library,"San Jose, CA",https://www.sjpl.org/,http://discover.sjlibrary.org/,Sierra,2013,Millennium,1999,Horizon,1995,PLUS,1990,BiblioCore,2019,Encore,2012,SCICON,1981,,,,,RFID,,,,,,,,,,,,,,,,Electronic Resource Management,,,,,,,,,,,,,,78,8,0,0,9,0,0,2,59,20,16,0,0,0,0,0,0,0,0,0,0,0,0,0,78,San Jose,CA
San Luis Obispo City-County Library,"San Luis Obispo County, CA",https://www.slolibrary.org/,http://www.blackgold.org/search/,Koha -- ByWater Solutions,2022,Polaris,2008,Carl.X,2006,Millennium,2000,Aspen Discovery -- ByWater Solutions,2021,AquaBrowser Library,,Dynix,1989,,,,,,,,,,,,,,,,,,,,,,,,,,,,,,,,,,,32,6,0,0,9,0,0,0,17,17,16,0,22,4,0,0,10,0,0,0,8,8,8,0,54,San Luis Obispo County,CA
San Mateo County Library,"San Mateo County, CA",https://smcl.org/,http://catalog.plsinfo.org/,Sierra,2013,Dynix,1994,GLIS,1983,,,BiblioCore,2013,,,,,,,BiblioCMS,,RFID,,,,,,,,,,HF,,,,,,,,,,,,,,,,,,,,79,15,4,0,22,0,0,0,38,37,24,0,24,9,1,0,8,0,0,0,6,6,3,0,103,San Mateo County,CA
Santa Clara County Library District,"Santa Clara County, CA",https://sccld.org/,https://sccl.bibliocommons.com/,Horizon,2016,Sierra,2014,Horizon,2002,Dynix,1991,BiblioCore,2015,,,,,,,,,RFID,,,,,,EBSCO Discovery Service,,,,,,,,,,,,,,,,,,,,,,,,89,19,6,0,23,0,0,0,41,35,23,0,78,16,0,0,15,0,0,0,47,39,27,0,167,Santa Clara County,CA
Santa Clara Public Library,"Santa Clara, CA",https://www.sclibrary.org/home-library,http://www.sccl.ci.santa-clara.ca.us/,Sierra,2015,Millennium,2000,Innopac,1992,Locally developed,1982,BiblioCore,2018,Encore,2015,,,,,,,RFID,,,,,,,,,,HF,,,,,,,,,,,,,,,,,,,,65,9,0,0,12,0,0,0,44,30,22,0,0,0,0,0,0,0,0,0,0,0,0,0,65,Santa Clara,CA
Scottsdale Public Library System,"Scottsdale, AZ",https://www.scottsdalelibrary.org/,http://scottsdale.polarislibrary.com,Polaris,2014,Sierra,2011,Millennium,2004,DRA,1986,,,,,,,,,,,Barcode,,,,,,,,3M SelfCheck System V-Series,,,,Polaris Fusion,,,,,,3M Sortation,,,,,,,,,,,,52,8,1,0,10,0,0,0,33,24,16,0,27,5,0,0,6,0,0,0,16,16,12,0,79,Scottsdale,AZ
Seattle Public Library,"Seattle, WA",https://www.spl.org/,http://seattle.bibliocommons.com/,Horizon,2004,Dynix,1991,DRA,1986,None,,BiblioCore,2010,,,,,360 Search,,Ingeniux,,RFID,,Tech Logic,,,,,,,,HF,,CONTENTdm,,360 Link,2008,,,Tech Logic -- Automated Sorting Technologies,,,,TAGSYS,,,,,,None,,35,6,0,0,4,0,0,0,25,18,4,0,69,15,0,0,14,0,0,0,40,32,20,0,104,Seattle,WA
Skokie Public Library,"Skokie, IL",https://skokielibrary.info/,http://discover.skokielibrary.info,Sierra,2011,Millennium,2001,Dynix,1999,GLIS,1984,BiblioCore,2017,Encore,2011,,,,,,,RFID,,3M,,,,,,3M SelfCheck System V-Series,,HF,,,,,,,,,,,,,,,,,,,,35,8,2,0,11,0,0,0,14,8,8,0,40,8,2,0,11,0,0,0,19,8,8,0,75,Skokie,IL
Sno-Isle Libraries,"Sno-Isle Region, WA",https://www.sno-isle.org,http://www.sno-isle.org/?ID=1169,Polaris,2010,Carl,1990,GLIS,1983,None,,BiblioCore,2016,AquaBrowser Library,,,,,,,,Barcode,,,,,,,,,,,,,,,,,,,,,,,,,,,,,,73,14,4,0,20,0,0,0,35,34,22,0,73,14,4,0,20,0,0,0,35,34,22,0,146,Sno-Isle Region,WA
Solano County Library,"Solano County, CA",https://solanolibrary.com/,http://snapweb.snap.lib.ca.us/cgi-bin/cw_cgi?10000+REDIRX+useDatabase_240,Polaris,2022,Carl.X,2015,Carl,1991,,,,,LS2 PAC,2011,,,,,,,RFID,,Bibliotheca,,,,,,,,,,,,,,,,,,,,,,,,,,,,34,11,0,0,5,0,0,0,18,17,12,0,0,0,0,0,0,0,0,0,0,0,0,0,34,Solano County,CA
Somerville Public Library,"Somerville, MA",https://www.somervillepubliclibrary.org/,http://library.minlib.net/search/,Sierra,2013,Millennium,2003,DRA,1991,CLSI,1984,Encore,2011,,,None,,,,,,,,,,,,,,,,,,,,,,,,,,,,,,,,,,,,76,2,0,0,22,0,0,0,52,25,12,0,22,0,0,0,19,0,0,0,3,3,3,0,98,Somerville,MA
Springfield City Library,"Springfield, MA",https://www.springfieldlibrary.org/library/,http://bark.cwmars.org/,Evergreen -- MOBIUS,2022,Evergreen -- Independent,2012,Millennium,1999,Carl,1992,,,,,,,,,,,RFID,,,,,,,,,,HF,,,,,,,,,,,,,,,,,,,,24,5,4,0,3,0,0,0,12,12,8,0,7,5,0,1,1,0,0,0,0,0,0,0,31,Springfield,MA
Stark Library - Main Library,"Stark County, OH",https://www.starklibrary.org/,http://catalog.starklibrary.org,Sierra,2011,Millennium,2007,Dynix,1995,CLSI,1981,Encore,2007,,,,,,,,,Barcode,,,,,,,,3M SelfCheck System V-Series,,,,,,,,,,,,,,,,,,,,,,80,13,4,0,20,0,0,0,43,42,30,0,81,13,4,0,21,0,0,0,43,42,30,0,161,Stark County,OH
Cesar Chavez Central Library,"Stockton-San Joaquin County, CA",https://www.ssjcpl.org/,https://stks.ent.sirsi.net/client/en_US/ssjcpl/,Symphony,2003,DRA,1985,,,,,Enterprise,,,,,,,,Locally Developed,,Barcode,,,,,,EBSCO Discovery Service,,Xpress Check,,,,,,,,,,,,,,,,,,,,,,13,1,0,0,6,0,0,0,6,6,6,0,9,1,0,0,5,0,0,0,3,3,3,0,22,Stockton-San Joaquin County,CA
Akron-Summit County Public Library,"Summit County, OH",https://www.akronlibrary.org/,https://catalog.akronlibrary.org/,Sierra,2013,Millennium,2007,Dynix,1997,The Library Machine,1988,Encore,2007,,,,,,,,,Barcode,,,,,,,,,,,,,,,,,,,,,,,,,,,,,,39,13,0,0,6,0,0,0,20,19,10,0,0,0,0,0,0,0,0,0,0,0,0,0,39,Summit County,OH
Sunnyvale Public Library,"Sunnyvale, CA",https://sunnyvale.ca.gov/community/library/default.htm,http://catalog.sunnyvalelibrary.org,Sierra,2014,Millennium,2004,INLEX/3000,1986,None,,BiblioCore,2019,Encore,2010,,,Research Pro,,,,RFID,,Bibliotheca,,,,,,Bibliotheca-ITG,,HF,,,,,,,,Bibliotheca-ITG,,,,,,,,,,,,55,6,0,0,11,0,0,0,38,25,21,0,0,0,0,0,0,0,0,0,0,0,0,0,55,Sunnyvale,CA
Tacoma Public Library,"Tacoma, WA",https://www.tacomalibrary.org/,https://tacoma.bibliocommons.com/,Sierra,2014,Millennium,2011,Symphony,2002,Alice-B,1982,BiblioCore,2015,,,,,WebFeat PRISM,,BiblioCMS,,RFID,,,,,,,,,,HF,,,,,,,,,,,,,,,,,,,,81,17,4,0,21,0,0,0,39,39,26,0,74,16,0,0,14,0,0,0,44,36,24,0,155,Tacoma,WA
Topeka and Shawnee County Public Library,"Topeka, KS",https://tscpl.org/,http://catalog.tscpl.org/,Polaris,2011,Horizon,2002,Dynix,1991,,,BiblioCore,2016,,,,,,,WordPress,,RFID,,Bibliotheca,,,,,,3M SelfCheck System V-Series,,HF,,CONTENTdm,,,,,,Tech Logic -- Automated Sorting Technologies,,,,,,ArchivesSpace,,,,,,79,15,0,0,10,0,0,0,54,36,17,0,19,6,0,0,5,0,0,0,8,8,4,0,98,Topeka,KS
Toronto Public Library,"Toronto, ON",https://www.torontopubliclibrary.ca/,http://torontopubliclibrary.ca/,Symphony,2007,Dynix,1999,,,,,Endeca,2008,,,,,360 Search,,,,RFID,,,,,,,,,,HF,,,,,,,,,,,,,,,,,,,,74,17,0,0,19,0,0,0,38,34,14,0,52,13,0,0,13,0,0,0,26,25,8,0,126,Toronto,ON
Torrance Public Library,"Torrance, CA",https://www.library.torranceca.gov/home-library,https://torrance.polarislibrary.com/polaris/default.aspx,Polaris,2021,Symphony,2002,Taos,2000,DRA,1990,Vega Discover,2021,Enterprise,2016,CLSI,1982,,,,,Barcode,,,,,,,,3M SelfCheck System Model 6410,,,,,,,,,,,,,,,,,,,,,,57,5,0,0,8,0,0,0,44,43,24,0,10,5,0,0,5,0,0,0,0,0,0,0,67,Torrance,CA
Tulare County Public Library,"Tulare County, CA",https://www.tularecountylibrary.org/,http://hip1.sjvls.org/ipac20/load.jsp?profile=thq,Horizon,2003,Dynix,1990,,,,,,,,,,,,,,,,,,,,,,,,,,,,,,,,,,,,,,,,,,,,,99,15,0,0,11,0,0,0,73,16,12,0,0,0,0,0,0,0,0,0,0,0,0,0,99,Tulare County,CA
Tulsa City - County Library,"Tulsa, OK",https://www.tulsalibrary.org/,https://tccl.bibliocommons.com/,Sierra,2013,Millennium,1998,NOTIS,1983,,,BiblioCore,2012,,,,,,,Drupal,,RFID,,3M,,NoveList Select,,,,Envisionware,,,,CONTENTdm,,WebBridge,,,,,,,,,,,,,,,,74,12,0,0,17,0,0,0,45,29,17,0,76,15,0,0,14,0,0,0,47,39,27,0,150,Tulsa,OK
Tuscaloosa Public Library,"Tuscaloosa, AL",https://www.tuscaloosa-library.org/,http://innopac.tuscaloosa-library.org/,Sierra,2014,Millennium,2005,Innopac,2001,,,,,,,,,,,,,,,,,,,,,,,,,,,,,,,,,,,,,,,,,,,37,8,4,0,5,0,0,0,20,8,8,0,4,0,0,0,4,0,0,0,0,0,0,0,41,Tuscaloosa,AL